[2026-09-09T08:04:20Z] START tp2 nproc=2
CMD: python3 -m torch.distributed.run --standalone --nproc_per_node=2 --master_port=29503 pretrain_gpt.py --use-mcore-models --num-layers 24 --hidden-size 2048 --ffn-hidden-size 8192 --num-attention-heads 16 --seq-length 2048 --max-position-embeddings 2048 --vocab-size 32000 --tokenizer-type NullTokenizer --mock-data --data-cache-path /root/working/dp-tp-pp-lab/data_cache --split 99,1,0 --no-create-attention-mask-in-dataloader --num-workers 2 --bf16 --attention-backend auto --disable-bias-linear --swiglu --untie-embeddings-and-output-weights --init-method-std 0.02 --seed 1234 --micro-batch-size 1 --global-batch-size 64 --train-iters 120 --lr 1.5e-4 --min-lr 1.5e-5 --lr-decay-style cosine --lr-warmup-iters 20 --weight-decay 0.1 --clip-grad 1.0 --adam-beta1 0.9 --adam-beta2 0.95 --log-interval 1 --log-throughput --eval-iters 0 --eval-interval 120 --save-interval 100000 --tensor-model-parallel-size 2 --pipeline-model-parallel-size 1

*****************************************
Setting OMP_NUM_THREADS environment variable for each process to be 1 in default, to avoid your system being overloaded, please further tune the variable for optimal performance in your application as needed. 
*****************************************
/usr/local/lib/python3.12/dist-packages/torch/library.py:357: UserWarning: Warning only once for all operators,  other operators may also be overridden.
  Overriding a previously registered kernel for the same operator and the same dispatch key
  operator: flash_attn::_flash_attn_backward(Tensor dout, Tensor q, Tensor k, Tensor v, Tensor out, Tensor softmax_lse, Tensor(a6!)? dq, Tensor(a7!)? dk, Tensor(a8!)? dv, float dropout_p, float softmax_scale, bool causal, SymInt window_size_left, SymInt window_size_right, float softcap, Tensor? alibi_slopes, bool deterministic, Tensor? rng_state=None) -> Tensor
    registered at /usr/local/lib/python3.12/dist-packages/torch/_library/custom_ops.py:926
  dispatch key: ADInplaceOrView
  previous kernel: no debug info
       new kernel: registered at /usr/local/lib/python3.12/dist-packages/torch/_library/custom_ops.py:926 (Triggered internally at /opt/pytorch/pytorch/aten/src/ATen/core/dispatch/OperatorEntry.cpp:208.)
  self.m.impl(
/root/working/dp-tp-pp-lab/third_party/Megatron-LM/megatron/core/models/mimo/config/base_configs.py:12: UserWarning: MimoModelConfig is experimental and still under active development. The API may change without notice in future releases.
  class MimoModelConfig:
/usr/local/lib/python3.12/dist-packages/modelopt/torch/__init__.py:36: UserWarning: transformers version 5.16.1 is not tested with nvidia-modelopt and may cause issues. Please install recommended version with `pip install nvidia-modelopt[hf]` if working with HF models.
  _warnings.warn(
> PyTorch version ................ 2.10.0a0+a36e1d39eb.nv26.1.42222806
> Megatron-Core version .......... 0.20.0+be85fc5
> Transformer Engine version ... 2.11.0+c188b533
WARNING: one_logger package is required to enable e2e metrics tracking. please go to https://confluence.nvidia.com/display/MLWFO/Package+Repositories for details to install it
using world size: 2, data-parallel size: 1, context-parallel size: 1, hierarchical context-parallel sizes: None, tensor-model-parallel size: 2, pipeline-model-parallel size: 1
/root/working/dp-tp-pp-lab/third_party/Megatron-LM/megatron/training/utils/common_utils.py:557: UserWarning: Overriding default arguments for tokenizer_type:GPT2BPETokenizer with tokenizer_type:NullTokenizer
  warnings.warn(message)
Number of virtual stages per pipeline stage: None
accumulate and all-reduce gradients in fp32 for bfloat16 data type.
using torch.bfloat16 for parameters ...
------------------------ arguments ------------------------
  _is_global_batch_size_explicitly_specified ...... True
  account_for_embedding_in_pipeline_split ......... False
  account_for_loss_in_pipeline_split .............. False
  accumulate_allreduce_grads_in_fp32 .............. True
  activation_func_clamp_value ..................... None
  activation_func_tanh_clamp_scale ................ None
  activation_func_tanh_clamp_scale_linear ......... None
  activation_offload_fraction ..................... 1.0
  adam_beta1 ...................................... 0.9
  adam_beta2 ...................................... 0.95
  adam_eps ........................................ 1e-08
  add_bias_linear ................................. False
  add_position_embedding .......................... True
  add_qkv_bias .................................... False
  adlr_autoresume ................................. False
  adlr_autoresume_interval ........................ 1000
  align_grad_reduce ............................... True
  align_param_gather .............................. False
  allow_ambiguous_pad_tokens ...................... False
  app_tag_run_name ................................ None
  app_tag_run_version ............................. 0.0.0
  apply_query_key_layer_scaling ................... False
  apply_residual_connection_post_layernorm ........ False
  apply_rope_fusion ............................... False
  apply_wd_to_qk_layernorm ........................ False
  async_ckpt_cpu_priority ......................... 10
  async_ckpt_io_priority .......................... 3
  async_ckpt_use_cpu_shm .......................... False
  async_save ...................................... False
  async_strategy .................................. mcore
  attention_backend ............................... AttnBackend.auto
  attention_cp_layout ............................. zigzag
  attention_dropout ............................... 0.1
  attention_latent_norm_epsilon ................... None
  attention_output_gate ........................... False
  attention_softmax_in_fp32 ....................... False
  auto_detect_ckpt_format ......................... False
  barrier_with_L1_time ............................ True
  batch_invariant_backend ......................... te_native
  batch_invariant_collective ...................... ordered
  batch_invariant_mode ............................ False
  bert_binary_head ................................ True
  bert_embedder_type .............................. megatron
  bf16 ............................................ True
  bias_dropout_fusion ............................. True
  bias_gelu_fusion ................................ False
  bias_swiglu_fusion .............................. True
  cache_mla_latents ............................... False
  calc_ft_timeouts ................................ False
  calculate_per_token_loss ........................ False
  chat_template ................................... None
  check_for_large_grads ........................... False
  check_for_nan_in_loss_and_grad .................. True
  check_for_spiky_loss ............................ False
  check_weight_hash_across_dp_replicas_interval ... None
  ckpt_assume_constant_structure .................. False
  ckpt_convert_format ............................. None
  ckpt_convert_save ............................... None
  ckpt_convert_update_legacy_dist_opt_format ...... False
  ckpt_drop_redundant_extra_state ................. False
  ckpt_format ..................................... torch_dist
  ckpt_fully_parallel_load ........................ False
  ckpt_fully_parallel_load_exchange_algo .......... broadcast
  ckpt_fully_parallel_load_per_rank_objects ....... False
  ckpt_fully_parallel_load_process_group .......... dp
  ckpt_fully_parallel_save ........................ True
  ckpt_fully_parallel_save_deprecated ............. False
  ckpt_fully_parallel_save_process_group .......... dp
  ckpt_load_validate_sharding_integrity ........... True
  ckpt_pg_tensors_cache_create .................... False
  ckpt_pg_tensors_cache_path ...................... None
  ckpt_step ....................................... None
  classes_fraction ................................ 1.0
  clip_grad ....................................... 1.0
  clone_scatter_output_in_embedding ............... True
  config_logger_dir ............................... 
  consumed_train_samples .......................... 0
  consumed_valid_samples .......................... 0
  context_parallel_size ........................... 1
  cp_comm_type .................................... ['p2p']
  cpu_offloading_num_layers ....................... 0
  cpu_offloading_retain_pinned_cpu_buffers ........ False
  create_all_gather_group ......................... False
  create_attention_mask_in_dataloader ............. False
  cross_entropy_fusion_impl ....................... native
  cross_entropy_loss_fusion ....................... False
  csa_compress_ratios ............................. None
  csa_compress_rotary_base ........................ 40000.0
  csa_dense_mode .................................. False
  csa_window_size ................................. 128
  cuda_graph_impl ................................. none
  cuda_graph_modules .............................. []
  cuda_graph_warmup_steps ......................... 3
  data_args_path .................................. None
  data_cache_path ................................. /root/working/dp-tp-pp-lab/data_cache
  data_parallel_random_init ....................... False
  data_parallel_sharding_strategy ................. optim_grads_params
  data_parallel_size .............................. 1
  data_path ....................................... None
  data_per_class_fraction ......................... 1.0
  data_sharding ................................... True
  dataloader_defer_npy_index_mmap ................. False
  dataloader_fast_cache_load ...................... False
  dataloader_inter_document_masking ............... False
  dataloader_type ................................. single
  ddp_average_in_collective ....................... False
  ddp_bucket_size ................................. None
  ddp_num_buckets ................................. None
  ddp_pad_buckets_for_high_nccl_busbw ............. False
  ddp_param_name_patterns_for_fp32_local_accumulation  []
  ddp_reduce_scatter_with_fp32_accumulation ....... False
  decode_only_cuda_graphs ......................... False
  decoder_first_pipeline_num_layers ............... None
  decoder_last_pipeline_num_layers ................ None
  decoder_num_layers .............................. None
  decoder_seq_length .............................. None
  decoupled_lr .................................... None
  decoupled_min_lr ................................ None
  decrease_batch_size_if_needed ................... False
  defer_embedding_wgrad_compute ................... False
  delay_offload_until_cuda_graph .................. False
  delay_wgrad_compute ............................. False
  delta_offload_bytes_across_pp_ranks ............. 0
  deprecated_use_mcore_models ..................... True
  deterministic_mode .............................. False
  dino_bottleneck_size ............................ 256
  dino_freeze_last_layer .......................... 1
  dino_head_hidden_size ........................... 2048
  dino_local_crops_number ......................... 10
  dino_local_img_size ............................. 96
  dino_norm_last_layer ............................ False
  dino_teacher_temp ............................... 0.07
  dino_warmup_teacher_temp ........................ 0.04
  dino_warmup_teacher_temp_epochs ................. 30
  disable_bf16_reduced_precision_matmul ........... False
  disable_jit_fuser ............................... False
  disable_msc_deprecated .......................... False
  disable_straggler_on_startup .................... False
  disable_symmetric_registration .................. False
  dist_ckpt_format_deprecated ..................... None
  dist_ckpt_optim_fully_reshardable ............... False
  dist_ckpt_save_pre_mcore_014 .................... False
  dist_ckpt_strictness ............................ assume_ok_unexpected
  dist_ckpt_workers ............................... 1
  distrib_optim_fully_reshardable_mem_efficient ... False
  distribute_saved_activations .................... False
  distributed_backend ............................. nccl
  distributed_timeout_minutes ..................... 10
  distributed_timeout_seconds_after_init .......... None
  dsa_indexer_head_dim ............................ None
  dsa_indexer_k_norm_epsilon ...................... None
  dsa_indexer_k_norm_fp32 ......................... False
  dsa_indexer_loss_coeff .......................... None
  dsa_indexer_n_heads ............................. None
  dsa_indexer_rope_interleaved .................... False
  dsa_indexer_rotate_activation ................... True
  dsa_indexer_scoring_relu ........................ True
  dsa_indexer_skip_topk_offset .................... 0
  dsa_indexer_topk ................................ None
  dsa_indexer_topk_freq ........................... 1
  dsa_indexer_use_sparse_loss ..................... False
  dsa_kernel_backend .............................. none
  dump_param_to_param_group_map ................... None
  embedding_init_method_std ....................... None
  empty_unused_memory_level ....................... 0
  enable_chunked_prefill .......................... False
  enable_cuda_graph ............................... False
  enable_experimental ............................. False
  enable_ft_package ............................... False
  enable_full_sharding_in_hsdp .................... False
  enable_gpt_oss .................................. False
  enable_mhc_connections .......................... False
  enable_msc ...................................... False
  enable_one_logger ............................... True
  encoder_num_layers .............................. 24
  encoder_seq_length .............................. 2048
  end_weight_decay ................................ 0.1
  eod_mask_loss ................................... False
  ep_overlap_early_attn_memory_release ............ False
  error_injection_rate ............................ 0
  error_injection_type ............................ transient_error
  eval_global_batch_size .......................... 64
  eval_interval ................................... 120
  eval_iters ...................................... 0
  eval_micro_batch_size ........................... 1
  exit_duration_in_mins ........................... None
  exit_interval ................................... None
  exit_on_missing_checkpoint ...................... False
  exit_signal ..................................... 15
  exit_signal_handler ............................. False
  exit_signal_handler_for_dataloader .............. False
  exit_signal_handler_for_training ................ False
  exp_avg_dtype ................................... torch.float32
  exp_avg_sq_dtype ................................ torch.float32
  experimental_attention_variant .................. None
  expert_data_parallel_sharding_strategy .......... None
  expert_gtp_weight_remat_size .................... 1
  expert_model_parallel_size ...................... 1
  expert_tensor_parallel_num_weight_shards ........ 2
  expert_tensor_parallel_size ..................... 2
  export_default_te_spec .......................... False
  export_force_local_attention .................... False
  export_kd_cfg ................................... None
  export_kd_teacher_ckpt_format ................... None
  export_kd_teacher_load .......................... None
  export_kd_teacher_model_config .................. None
  export_kv_cache_quant ........................... none
  export_legacy_megatron .......................... False
  export_model_type ............................... GPTModel
  export_moe_apply_probs_on_input ................. False
  export_offline_model ............................ False
  export_qk_l2_norm ............................... False
  export_quant_cfg ................................ None
  export_real_quant_cfg ........................... None
  export_te_mcore_model ........................... False
  external_cuda_graph ............................. False
  fake_process_group .............................. False
  fault_injector_delay_start_iteration ............ None
  fault_injector_fault_delay ...................... None
  fault_injector_fault_probabilities .............. None
  fault_injector_fault_types ...................... None
  fault_injector_mtti_seconds ..................... None
  fault_injector_num_ranks ........................ None
  fault_injector_offset_seconds ................... None
  fault_injector_ranks ............................ None
  fault_injector_seed ............................. None
  ffn_hidden_size ................................. 8192
  fim_data ........................................ False
  fim_eod_token ................................... <|endoftext|>
  fim_fragment_rate ............................... None
  fim_middle_token ................................ <fim_middle>
  fim_no_prefix ................................... None
  fim_pad_token ................................... <fim_pad>
  fim_prefix_token ................................ <fim_prefix>
  fim_rate ........................................ 0.5
  fim_split_sample ................................ None
  fim_spm_rate .................................... 0.5
  fim_suffix_token ................................ <fim_suffix>
  fine_grained_activation_offloading .............. False
  fine_grained_offloading_max_inflight_offloads ... None
  finetune ........................................ False
  finetune_data_files ............................. None
  finetune_data_split ............................. train
  finetune_hf_dataset ............................. None
  first_last_layers_bf16 .......................... False
  flash_attention_version ......................... None
  flash_decode .................................... False
  flight_recorder_dump_on_timeout ................. True
  flight_recorder_dump_path ....................... None
  flight_recorder_extra_dump_on_exec .............. True
  flight_recorder_include_only_active ............. True
  flight_recorder_include_stack_trace ............. False
  flight_recorder_trace_buffer_size ............... 2000
  fp16 ............................................ False
  fp16_lm_cross_entropy ........................... False
  fp32_residual_connection ........................ False
  fp4 ............................................. None
  fp4_param_gather ................................ False
  fp4_quantizer_factory ........................... None
  fp4_recipe ...................................... nvfp4
  fp8 ............................................. None
  fp8_amax_compute_algo ........................... most_recent
  fp8_amax_history_len ............................ 1
  fp8_interval .................................... 1
  fp8_margin ...................................... 0
  fp8_output_proj ................................. False
  fp8_param_gather ................................ False
  fp8_quantizer_factory ........................... None
  fp8_recipe ...................................... delayed
  fp8_wgrad ....................................... True
  freeze_all_layers ............................... False
  freeze_base_for_mtp ............................. False
  freeze_base_model_for_mtp ....................... False
  fsdp_db_use_persist_buf_on_alloc_fail ........... False
  fsdp_double_buffer .............................. False
  fsdp_manual_registration ........................ False
  ft_num_warmup_iters ............................. 5
  full_validation ................................. False
  fused_residual_rmsnorm .......................... False
  gdp_cutedsl_kernel .............................. False
  gdp_num_chunk_states_to_recompute ............... 2
  gdp_num_householder ............................. 3
  global_batch_size ............................... 64
  glu_linear_offset ............................... 0.0
  gpu_sniff_test_interval ......................... None
  grad_reduce_in_bf16 ............................. False
  gradient_accumulation_fusion .................... True
  gradient_reduce_div_fusion ...................... True
  group_query_attention ........................... False
  grpo_clamp_eps_lower ............................ 0.01
  grpo_clamp_eps_upper ............................ 0.01
  grpo_entropy_term_weight ........................ 0.0
  grpo_filter_groups_with_same_reward ............. False
  grpo_group_size ................................. 2
  grpo_iterations ................................. 2
  grpo_kl_beta .................................... 0.001
  grpo_prompts_per_step ........................... 32
  gtp_expert_remat_nccl_ub ........................ False
  gtp_remat_nccl_ub ............................... False
  gtp_remat_opt_in_modules ........................ []
  gtp_remat_reduce_scatter_with_fp32_accumulation . False
  gtp_weight_remat_size ........................... 1
  head_lr_mult .................................... 1.0
  heterogeneous_layers_config_encoded_json ........ None
  heterogeneous_layers_config_path ................ None
  hfsdp_param_gather_overlap ...................... False
  hidden_dropout .................................. 0.1
  hidden_size ..................................... 2048
  hierarchical_context_parallel_sizes ............. None
  high_priority_a2a_comm_stream ................... False
  high_priority_stream_groups ..................... []
  hybrid_context_parallel ......................... False
  hybrid_layer_pattern ............................ None
  hybrid_override_pattern ......................... None
  hysteresis ...................................... 2
  img_h ........................................... 224
  img_w ........................................... 224
  inference_batch_times_seqlen_threshold .......... -1
  inference_coordinator_port ...................... None
  inference_cuda_graph_all_prefills ............... False
  inference_cuda_graph_max_tokens ................. 512
  inference_cuda_graph_scope ...................... InferenceCudaGraphScope.none
  inference_disable_ep_consensus .................. False
  inference_disable_triton_nvls_kernels ........... False
  inference_dynamic_batching ...................... False
  inference_dynamic_batching_allow_stale_multimodal_embeddings  False
  inference_dynamic_batching_async_sched_mode ..... async
  inference_dynamic_batching_block_size ........... 256
  inference_dynamic_batching_buffer_size_gb ....... 40.0
  inference_dynamic_batching_cuda_graph_mixed_prefill_count  16
  inference_dynamic_batching_cuda_graph_sizing_distribution  hybrid
  inference_dynamic_batching_enable_prefix_caching  False
  inference_dynamic_batching_logprobs_mode ........ raw_logprobs
  inference_dynamic_batching_mamba_memory_ratio ... None
  inference_dynamic_batching_max_requests ......... None
  inference_dynamic_batching_max_tokens ........... None
  inference_dynamic_batching_media_cache_coordinator_policy  affinity
  inference_dynamic_batching_media_cache_routing_weight  1.0
  inference_dynamic_batching_num_cuda_graphs ...... 16
  inference_dynamic_batching_paused_buffer_size_gb  None
  inference_dynamic_batching_prefix_cache_ttl_seconds  300.0
  inference_dynamic_batching_prefix_caching_coordinator_policy  longest_prefix
  inference_dynamic_batching_prefix_caching_eviction_policy  lru
  inference_dynamic_batching_prefix_caching_mamba_gb  None
  inference_dynamic_batching_prefix_caching_routing_alpha  1.0
  inference_dynamic_batching_sampling_backend ..... torch
  inference_dynamic_batching_track_generated_token_events  False
  inference_dynamic_batching_track_paused_request_events  False
  inference_dynamic_batching_unified_memory_level . 0
  inference_dynamic_batching_vision_embedding_cache_max_bytes  0
  inference_flashinfer_mxfp8_token_capacity ....... None
  inference_fuse_tp_communication ................. False
  inference_grouped_gemm_backend .................. vllm
  inference_logging_step_interval ................. 0
  inference_max_requests .......................... 8
  inference_max_seq_length ........................ 2560
  inference_moe_disable_fused_quant_kernels ....... False
  inference_moe_token_dispatcher_type ............. nvls
  inference_rng_tracker ........................... False
  inference_shards ................................ None
  inference_text_gen_server_logging ............... False
  inference_use_synchronous_zmq_collectives ....... False
  inference_wandb_logging ......................... False
  init_method_std ................................. 0.02
  init_method_xavier_uniform ...................... False
  init_model_with_meta_device ..................... False
  initial_loss_scale .............................. 4294967296
  inprocess_active_world_size ..................... 2
  inprocess_barrier_timeout ....................... 120
  inprocess_completion_timeout .................... 120
  inprocess_empty_cuda_cache ...................... False
  inprocess_granularity ........................... node
  inprocess_hard_timeout .......................... 90
  inprocess_heartbeat_interval .................... 30
  inprocess_heartbeat_timeout ..................... 60
  inprocess_last_call_wait ........................ 1
  inprocess_max_iterations ........................ None
  inprocess_monitor_process_interval .............. 1.0
  inprocess_monitor_thread_interval ............... 1.0
  inprocess_progress_watchdog_interval ............ 1.0
  inprocess_restart ............................... False
  inprocess_soft_timeout .......................... 60
  inprocess_termination_grace_time ................ 1
  is_hybrid_model ................................. False
  iter_per_epoch .................................. 1250
  iterations_to_skip .............................. []
  keep_fp8_transpose_cache ........................ False
  kitchen_attention_backend ....................... sdpa
  kv_channels ..................................... 128
  kv_lora_rank .................................... 32
  langrl_env_config ............................... None
  layernorm_epsilon ............................... 1e-05
  layernorm_zero_centered_gamma ................... False
  lazy_mpu_init ................................... False
  linear_attention_freq ........................... None
  linear_conv_kernel_dim .......................... 4
  linear_cp_layout ................................ zigzag
  linear_cp_mode .................................. headwise
  linear_key_head_dim ............................. 128
  linear_num_key_heads ............................ 16
  linear_num_value_heads .......................... 32
  linear_value_head_dim ........................... 128
  lion_beta1 ...................................... 0.95
  lion_beta2 ...................................... 0.98
  load ............................................ None
  load_main_params_from_ckpt ...................... False
  local_rank ...................................... 0
  log_device_memory_used .......................... False
  log_energy ...................................... False
  log_interval .................................... 1
  log_loss_scale_to_tensorboard ................... True
  log_max_attention_logit ......................... False
  log_memory_interval ............................. None
  log_memory_to_tensorboard ....................... False
  log_num_zeros_in_grad ........................... False
  log_params_norm ................................. False
  log_progress .................................... False
  log_straggler ................................... False
  log_throughput .................................. True
  log_timers_to_tensorboard ....................... False
  log_validation_ppl_to_tensorboard ............... False
  log_world_size_to_tensorboard ................... False
  logging_level ................................... None
  logit_dtype ..................................... None
  logits_load_decode_threads ...................... 4
  logits_load_dir ................................. None
  logits_load_ignore_errors ....................... False
  logits_load_kd_loss_alpha ....................... 1.0
  logits_load_msc_prefetch_depth .................. 2
  logits_load_prefetch_factor ..................... 3
  logits_save_dir ................................. None
  logits_save_dtype ............................... fp16
  logits_save_top_k ............................... None
  logits_save_top_p ............................... None
  logits_save_top_p_min_k ......................... 1
  loss_scale ...................................... None
  loss_scale_window ............................... 1000
  lr .............................................. 0.00015
  lr_decay_iters .................................. None
  lr_decay_samples ................................ None
  lr_decay_style .................................. cosine
  lr_warmup_fraction .............................. None
  lr_warmup_init .................................. 0.0
  lr_warmup_iters ................................. 20
  lr_warmup_samples ............................... 0
  lr_wsd_decay_iters .............................. None
  lr_wsd_decay_samples ............................ None
  lr_wsd_decay_style .............................. exponential
  main_grads_dtype ................................ torch.float32
  main_params_dtype ............................... torch.float32
  make_vocab_size_divisible_by .................... 128
  mamba_head_dim .................................. 64
  mamba_inference_conv_states_dtype ............... torch.bfloat16
  mamba_inference_ssm_states_dtype ................ torch.bfloat16
  mamba_num_groups ................................ 8
  mamba_num_heads ................................. None
  mamba_state_dim ................................. 128
  mamba_training_ssm_states_dtype ................. None
  manual_gc ....................................... False
  manual_gc_eval .................................. True
  manual_gc_interval .............................. 0
  mask_factor ..................................... 1.0
  mask_prob ....................................... 0.15
  mask_type ....................................... random
  masked_softmax_fusion ........................... True
  max_position_embeddings ......................... 2048
  max_seqlen_per_dp_cp_rank ....................... None
  max_tokens_to_oom ............................... 12000
  megatron_fsdp_enable_fine_grained_param_gather .. False
  megatron_fsdp_grad_comm_dtype ................... None
  megatron_fsdp_main_grads_dtype .................. None
  megatron_fsdp_main_params_dtype ................. torch.float32
  megatron_fsdp_max_pool_double_buffer ............ False
  megatron_fsdp_version ........................... 1
  memory_snapshot_path ............................ snapshot.pickle
  merge_file ...................................... None
  metadata_path ................................... None
  mhc_fused_backend ............................... auto
  mhc_init_gating_factor .......................... 0.01
  mhc_num_residual_streams ........................ 4
  mhc_recompute_layer_num ......................... None
  mhc_sinkhorn_iterations ......................... 20
  micro_batch_size ................................ 1
  microbatch_group_size_per_vp_stage .............. None
  mid_level_dataset_surplus ....................... 0.005
  min_loss_scale .................................. 1.0
  min_lr .......................................... 1.5e-05
  min_offloaded_tensor_size ....................... 1048576
  mla_down_proj_fusion ............................ False
  mlp_chunks_for_prefill .......................... 1
  mlp_chunks_for_training ......................... 1
  mmap_bin_files .................................. True
  mock_data ....................................... True
  modelopt_enabled ................................ False
  moe_apply_probs_on_input ........................ False
  moe_aux_loss_coeff .............................. 0.0
  moe_combine_bwd_dtype ........................... bf16
  moe_deepep_num_sms .............................. None
  moe_dispatch_fwd_dtype .......................... bf16
  moe_enable_deepep ............................... False
  moe_enable_routing_replay ....................... False
  moe_expert_capacity_factor ...................... None
  moe_expert_rank_capacity_factor ................. None
  moe_ffn_hidden_size ............................. None
  moe_flex_dispatcher_backend ..................... deepep
  moe_flex_dispatcher_num_sms ..................... None
  moe_grouped_gemm ................................ False
  moe_hybridep_num_blocks_permute ................. None
  moe_hybridep_num_blocks_unpermute ............... None
  moe_hybridep_num_sms ............................ None
  moe_hybridep_num_sms_preprocessing .............. 108
  moe_hybridep_pad_uneven_dispatch_inputs ......... False
  moe_input_jitter_eps ............................ None
  moe_latent_size ................................. None
  moe_layer_freq .................................. 1
  moe_layer_recompute ............................. False
  moe_mlp_glu_interleave_size ..................... None
  moe_ncclep_zero_copy ............................ False
  moe_pad_expert_input_to_capacity ................ False
  moe_pad_experts_for_cuda_graph_inference ........ False
  moe_paged_stash ................................. False
  moe_paged_stash_buffer_size_factor_cpu .......... 0.0
  moe_paged_stash_buffer_size_factor_cuda ......... 1.1
  moe_paged_stash_page_size ....................... 64
  moe_per_layer_logging ........................... False
  moe_permute_fusion .............................. False
  moe_permute_fusion_into_hybridep ................ False
  moe_router_bias_update_rate ..................... 0.001
  moe_router_dtype ................................ None
  moe_router_enable_expert_bias ................... False
  moe_router_force_biased ......................... None
  moe_router_force_load_balancing ................. False
  moe_router_fusion ............................... False
  moe_router_group_topk ........................... None
  moe_router_load_balancing_type .................. aux_loss
  moe_router_num_groups ........................... None
  moe_router_padding_for_fp8 ...................... False
  moe_router_padding_for_quantization ............. False
  moe_router_pre_softmax .......................... False
  moe_router_quantile_balancing_ema ............... 0.0
  moe_router_score_function ....................... softmax
  moe_router_skip_muon ............................ False
  moe_router_topk ................................. 2
  moe_router_topk_scaling_factor .................. None
  moe_routing_trace_capture_hidden_states ......... False
  moe_routing_trace_capture_logits ................ False
  moe_routing_trace_dump_weights .................. False
  moe_routing_trace_max_training_iters ............ None
  moe_routing_trace_path .......................... None
  moe_shared_expert_gate .......................... False
  moe_shared_expert_glu_interleave_size ........... None
  moe_shared_expert_intermediate_size ............. None
  moe_shared_expert_overlap ....................... False
  moe_single_grouped_bias ......................... False
  moe_single_grouped_weight ....................... False
  moe_token_dispatcher_type ....................... allgather
  moe_token_drop_policy ........................... probs
  moe_upcycling_granularity ....................... 1
  moe_use_grouped_tensor .......................... False
  moe_use_norm_before_up_proj ..................... False
  moe_use_upcycling ............................... False
  moe_z_loss_coeff ................................ None
  mrope_section ................................... None
  mscale .......................................... 1.0
  mscale_all_dim .................................. 0.0
  mtp_detach_heads ................................ False
  mtp_hsm ......................................... False
  mtp_hybrid_override_pattern ..................... None
  mtp_loss_scaling_factor ......................... 0.1
  mtp_num_layers .................................. None
  mtp_standalone .................................. False
  mtp_use_repeated_layer .......................... False
  multi_latent_attention .......................... False
  multiple_validation_sets ........................ False
  muon_coefficient_type ........................... quintic
  muon_extra_scale_factor ......................... 1.0
  muon_fp32_matmul_prec ........................... medium
  muon_momentum ................................... 0.9
  muon_nesterov ................................... False
  muon_num_ns_steps ............................... 5
  muon_scalar_optimizer ........................... adam
  muon_scale_mode ................................. spectral
  muon_split_qkv .................................. True
  muon_tp_mode .................................... duplicated
  muon_use_syrk ................................... False
  mup_attn_scale_power ............................ 1.0
  mup_base_head_dim ............................... None
  mup_base_hidden_size ............................ None
  mup_embedding_mult .............................. 1.0
  mup_output_mult ................................. 1.0
  mup_width_mult .................................. 1.0
  nccl_all_reduce_for_prefill ..................... False
  nccl_communicator_config_path ................... None
  nccl_ub ......................................... False
  no_load_optim ................................... None
  no_load_rng ..................................... None
  no_persist_layer_norm ........................... False
  no_rope_freq .................................... None
  no_save_optim ................................... None
  no_save_rng ..................................... None
  no_weight_decay_cond_type ....................... None
  non_persistent_ckpt_type ........................ None
  non_persistent_global_ckpt_dir .................. None
  non_persistent_local_ckpt_algo .................. fully_parallel
  non_persistent_local_ckpt_dir ................... None
  non_persistent_save_interval .................... None
  normalization ................................... LayerNorm
  null_tokenizer_eod_id ........................... None
  null_tokenizer_pad_id ........................... -1
  num_attention_heads ............................. 16
  num_channels .................................... 3
  num_classes ..................................... 1000
  num_dataset_builder_threads ..................... 1
  num_distributed_optimizer_instances ............. 1
  num_experts ..................................... None
  num_layers ...................................... 24
  num_layers_at_end_in_bf16 ....................... 1
  num_layers_at_start_in_bf16 ..................... 1
  num_layers_per_virtual_pipeline_stage ........... None
  num_query_groups ................................ 1
  num_speculative_tokens .......................... 0
  num_virtual_stages_per_pipeline_rank ............ None
  num_workers ..................................... 2
  nvtx_ranges ..................................... False
  object_storage_cache_path ....................... None
  offload_modules ................................. []
  offset_sampling_seed_by_dp_rank ................. True
  one_logger_async ................................ False
  one_logger_project .............................. megatron-lm
  one_logger_run_name ............................. None
  onnx_safe ....................................... None
  openai_gelu ..................................... False
  optimizer ....................................... adam
  optimizer_cpu_offload ........................... False
  optimizer_cuda_graph ............................ False
  optimizer_offload_fraction ...................... 1.0
  original_max_position_embeddings ................ 4096
  otel_enabled .................................... False
  otel_service_name ............................... None
  otel_span_groups ................................ None
  outer_dp_sharding_strategy ...................... no_shard
  output_bert_embeddings .......................... False
  output_projection_groups ........................ 8
  output_projection_lora_rank ..................... 1024
  overlap_cpu_optimizer_d2h_h2d ................... False
  overlap_dispatch_backward_with_experts_wgrad .... False
  overlap_grad_reduce ............................. False
  overlap_moe_expert_parallel_comm ................ False
  overlap_p2p_comm ................................ False
  overlap_p2p_comm_warmup_flush ................... False
  overlap_param_gather ............................ False
  overlap_param_gather_with_optimizer_step ........ False
  override_ckpt_iteration ......................... None
  override_opt_param_scheduler .................... False
  pad_vocab_size .................................. True
  padded_vocab_size ............................... None
  params_dtype .................................... torch.bfloat16
  patch_dim ....................................... 16
  per_dataset_sequences_path ...................... None
  per_split_data_args_path ........................ None
  perform_initialization .......................... True
  perform_rl_step ................................. False
  phase_transition_iterations ..................... None
  pin_cpu_grads ................................... True
  pin_cpu_params .................................. True
  pipeline_model_parallel_comm_backend ............ None
  pipeline_model_parallel_layout .................. None
  pipeline_model_parallel_size .................... 1
  position_embedding_type ......................... learned_absolute
  pretrained_checkpoint ........................... None
  profile ......................................... False
  profile_ranks ................................... []
  profile_step_end ................................ 12
  profile_step_start .............................. 10
  pytorch_profiler_collect_callstack .............. False
  pytorch_profiler_collect_chakra ................. False
  pytorch_profiler_collect_shapes ................. False
  q_lora_rank ..................................... None
  qad_train_target ................................ None
  qk_clip ......................................... False
  qk_clip_alpha ................................... 0.5
  qk_clip_threshold ............................... 100
  qk_head_dim ..................................... 128
  qk_l2_norm ...................................... False
  qk_layernorm .................................... False
  qk_pos_emb_head_dim ............................. 64
  quick_geglu ..................................... False
  rampup_batch_size ............................... None
  rank ............................................ 0
  recompute_granularity ........................... None
  recompute_method ................................ None
  recompute_modules ............................... None
  recompute_num_layers ............................ None
  record_memory_history ........................... False
  record_shapes ................................... False
  refit_execution_batch_bytes ..................... None
  refit_method .................................... gloo
  relative_attention_max_distance ................. 128
  relative_attention_num_buckets .................. 32
  replication ..................................... False
  replication_factor .............................. 2
  replication_jump ................................ None
  rerun_mode ...................................... validate_results
  reset_attention_mask ............................ False
  reset_position_ids .............................. False
  result_rejected_tracker_filename ................ None
  reuse_grad_buf_for_mxfp8_param_ag ............... False
  rl_consumption_granularity ...................... B
  rl_default_temperature .......................... 1.0
  rl_default_top_k ................................ -1
  rl_default_top_p ................................ 0
  rl_durable_rollout_bank ......................... False
  rl_generation_lag ............................... None
  rl_importance_sampling_truncation_coef .......... None
  rl_inference_expert_model_parallel_size ......... None
  rl_inference_expert_tensor_model_parallel_size .. None
  rl_inference_logprobs_is_correction ............. False
  rl_inference_model_unified_memory_level ......... 0
  rl_inference_parsers ............................ []
  rl_inference_pipeline_model_parallel_size ....... None
  rl_inference_tensor_model_parallel_size ......... None
  rl_kv_cache_management_mode ..................... persist
  rl_max_inflight_requests ........................ None
  rl_offload_inference_model_weights_when_idle .... False
  rl_offload_optimizer_during_inference ........... False
  rl_partial_rollouts ............................. False
  rl_persist_cuda_graphs .......................... False
  rl_profile ...................................... False
  rl_profile_dir .................................. None
  rl_prompts_per_eval ............................. 32
  rl_rollout_bank_dir ............................. None
  rl_rollout_bank_max_bytes ....................... 0
  rl_sequence_packing_algo ........................ fifo
  rl_sequence_packing_max_sequences_per_bin ....... 50
  rl_skip_bos_token ............................... False
  rl_submission_granularity ....................... B
  rl_training_cuda_graphs ......................... False
  rl_use_sequence_packing ......................... False
  rl_verify_model_weights_swap .................... False
  rope_scaling_factor ............................. 8.0
  rope_type ....................................... None
  rotary_base ..................................... 10000
  rotary_interleaved .............................. False
  rotary_percent .................................. 1.0
  rotary_scaling_factor ........................... 1.0
  rotary_seq_len_interpolation_factor ............. None
  run_workload_inspector_server ................... False
  sample_rate ..................................... 1.0
  save ............................................ None
  save_activations_interval ....................... None
  save_dgrads_interval ............................ None
  save_interval ................................... 100000
  save_params_interval ............................ None
  save_retain_interval ............................ None
  save_tokenizer_assets ........................... True
  save_tokens_per_expert_interval ................. None
  save_wgrads_interval ............................ None
  seed ............................................ 1234
  seq_length ...................................... 2048
  sequence_packing_scheduler ...................... None
  sequence_parallel ............................... False
  sft ............................................. False
  sft_mock_dataset_config_json .................... None
  sft_tokenizer_prompt_format ..................... nemotron-h-aligned
  sgd_momentum .................................... 0.9
  sharp_enabled_group ............................. None
  short_seq_prob .................................. 0.1
  skip_train ...................................... False
  skipped_train_samples ........................... 0
  softmax_type .................................... vanilla
  spec ............................................ None
  special_tokens .................................. None
  split ........................................... 99,1,0
  squared_relu .................................... False
  start_eval_at_iter .............................. None
  start_weight_decay .............................. 0.1
  step_batch_size_schedule ........................ None
  straggler_ctrlr_port ............................ 65535
  straggler_minmax_count .......................... 1
  strict_fsdp_dtensor_load ........................ True
  suggested_communication_unit_size ............... None
  swiglu .......................................... True
  swin_backbone_type .............................. tiny
  symmetric_ar_type ............................... None
  te_precision_config_file ........................ None
  te_rng_tracker .................................. False
  tensor_model_parallel_size ...................... 2
  tensor_parallel_num_weight_shards ............... 2
  tensorboard_dir ................................. None
  tensorboard_log_interval ........................ 1
  tensorboard_queue_size .......................... 1000
  test_data_path .................................. None
  test_mode ....................................... False
  tiktoken_num_special_tokens ..................... 1000
  tiktoken_pattern ................................ None
  timing_log_level ................................ 0
  timing_log_option ............................... minmax
  tokenizer_hf_no_include_special_tokens .......... False
  tokenizer_hf_no_use_fast ........................ False
  tokenizer_model ................................. None
  tokenizer_sentencepiece_ignore_extra_whitespaces  True
  tokenizer_sentencepiece_legacy .................. False
  tokenizer_type .................................. NullTokenizer
  torch_fsdp2_reshard_after_forward ............... True
  tp_comm_bootstrap_backend ....................... nccl
  tp_comm_bulk_dgrad .............................. True
  tp_comm_bulk_wgrad .............................. True
  tp_comm_overlap ................................. False
  tp_comm_overlap_ag .............................. True
  tp_comm_overlap_cfg ............................. None
  tp_comm_overlap_rs .............................. True
  tp_comm_overlap_rs_dgrad ........................ False
  tp_comm_split_ag ................................ True
  tp_comm_split_rs ................................ True
  train_data_path ................................. None
  train_iters ..................................... 120
  train_samples ................................... None
  train_sync_interval ............................. None
  transformer_impl ................................ transformer_engine
  transformer_pipeline_model_parallel_size ........ 1
  trust_remote_code ............................... False
  untie_embeddings_and_output_weights ............. True
  use_checkpoint_args ............................. False
  use_checkpoint_opt_param_scheduler .............. False
  use_cpu_initialization .......................... None
  use_dist_ckpt ................................... True
  use_dist_ckpt_deprecated ........................ False
  use_distributed_optimizer ....................... False
  use_flash_attn .................................. False
  use_fused_mhc ................................... False
  use_fused_weighted_squared_relu ................. False
  use_gigatoken ................................... False
  use_gloo_process_groups ......................... True
  use_grouped_gemm_for_dense_mlp .................. False
  use_grouped_gemm_for_shared_expert .............. False
  use_kitchen_attention ........................... False
  use_layer_wise_distributed_optimizer ............ False
  use_layer_wise_param_layout ..................... True
  use_legacy_static_engine ........................ False
  use_mamba_mem_eff_path .......................... True
  use_megatron_fsdp ............................... False
  use_mp_args_from_checkpoint_args ................ False
  use_mup ......................................... False
  use_persistent_ckpt_worker ...................... False
  use_precision_aware_optimizer ................... False
  use_pytorch_profiler ............................ False
  use_ring_exchange_p2p ........................... False
  use_rope_scaling ................................ False
  use_rotary_position_embeddings .................. False
  use_sharp ....................................... False
  use_te_activation_func .......................... False
  use_tokenizer_model_from_checkpoint_args ........ True
  use_torch_fsdp2 ................................. False
  use_torch_optimizer_for_cpu_offload ............. False
  use_tp_pp_dp_mapping ............................ False
  use_transformer_engine_op_fuser ................. False
  use_varlen_dataset .............................. False
  v_head_dim ...................................... 128
  valid_data_path ................................. None
  validation_set_names ............................ None
  variable_seq_lengths ............................ False
  varlen_mock_dataset_config_json ................. None
  varlen_sbhd_validation .......................... False
  verify_integrity ................................ False
  virtual_pipeline_model_parallel_size ............ None
  vision_backbone_type ............................ vit
  vision_pretraining .............................. False
  vision_pretraining_type ......................... classify
  vocab_extra_ids ................................. 0
  vocab_file ...................................... None
  vocab_size ...................................... 32000
  wandb_entity .................................... None
  wandb_exp_name .................................. None
  wandb_project ................................... None
  wandb_save_dir .................................. None
  weight_decay .................................... 0.1
  weight_decay_incr_style ......................... constant
  wgrad_deferral_limit ............................ 0
  window_attn_skip_freq ........................... None
  window_size ..................................... None
  world_size ...................................... 2
  yaml_cfg ........................................ None
  yarn_beta_fast .................................. None
  yarn_beta_slow .................................. None
  yarn_correction_range_round_to_int .............. None
  yarn_original_max_position_embeddings ........... None
-------------------- end of arguments ---------------------
INFO:megatron.core.num_microbatches_calculator:setting number of microbatches to constant 64
INFO:megatron.core.tokenizers.utils.build_tokenizer: > padded vocab (size: 32000) with 0 dummy tokens (new size: 32000)
WARNING:megatron.core.rerun_state_machine:RerunStateMachine initialized in mode RerunMode.VALIDATE_RESULTS
> initializing torch distributed ...
[Gloo] Rank 0 is connected to 0 peer ranks. Expected number of connected peer ranks is : 0
[Gloo] Rank 0 is connected to 0 peer ranks. Expected number of connected peer ranks is : 0
[Gloo] Rank 0 is connected to 0 peer ranks. Expected number of connected peer ranks is : 0
[Gloo] Rank 0 is connected to 0 peer ranks. Expected number of connected peer ranks is : 0
[Gloo] Rank 0 is connected to 0 peer ranks. Expected number of connected peer ranks is : 0
[Gloo] Rank 0 is connected to 0 peer ranks. Expected number of connected peer ranks is : 0
> initialized tensor model parallel with size 2
> initialized gtp weight remat with size 1
> initialized pipeline model parallel with size 1
> setting random seeds to 1234 ...
> compiling dataset index builder ...
make: Entering directory '/root/working/dp-tp-pp-lab/third_party/Megatron-LM/megatron/core/datasets'
make: Nothing to be done for 'default'.
make: Leaving directory '/root/working/dp-tp-pp-lab/third_party/Megatron-LM/megatron/core/datasets'
>>> done with dataset index builder. Compilation time: 0.064 seconds
/usr/local/lib/python3.12/dist-packages/torch/distributed/c10d_logger.py:83: UserWarning: barrier(): using the device under current context. You can specify `device_id` in `init_process_group` to mute this warning.
  return func(*args, **kwargs)
[rank0]:[W909 08:04:34.655204483 ProcessGroupNCCL.cpp:5163] Guessing device ID based on global rank. This can cause a hang if rank to GPU mapping is heterogeneous. You can specify device_id in init_process_group()
time to initialize megatron (seconds): 7.049
/usr/local/lib/python3.12/dist-packages/torch/distributed/c10d_logger.py:83: UserWarning: barrier(): using the device under current context. You can specify `device_id` in `init_process_group` to mute this warning.
  return func(*args, **kwargs)
[after in-process setup and before initialize_megatron] datetime: 2026-09-09 08:04:34.596950 
[after in-job setup and before initialize_megatron] datetime: 2026-09-09 08:04:34.681965 
[before library-setup] datetime: 2026-09-09 08:04:22.979937
[after library-setup] datetime: 2026-09-09 08:04:34.402882
[before megatron-init] datetime: 2026-09-09 08:04:34.596949
INFO:megatron.core.timers:(min, max) time across ranks (ms):
    startup-program-entry-spread ...................: (12.10, 12.10)
    startup-library-setup ..........................: (11386.63, 11422.95)
    startup-program-setup ..........................: (188.63, 194.07)
    startup-in-process-setup .......................: (0.00, 0.00)
    startup-in-job-setup ...........................: (84.80, 85.02)
    startup-initialize-megatron ....................: (665.28, 719.27)
    startup-set-jit-fusion-options .................: (1910.82, 1945.74)
    all-reduce-start-timestamps-tensor .............: (0.71, 35.55)
    startup-megatron-init-local ....................: (2696.67, 2750.53)
    startup-megatron-init-global ...................: (14325.78, 14325.79)
[after megatron is initialized] datetime: 2026-09-09 08:04:37.295182 
WARNING:megatron.core.models.gpt.gpt_model:GPTModel IS DEPRECATED. GPTModel is only accepting critical bug fixes, no new features. Please reference the migration guide `docs/user-guide/hybrid-model-migration.md` for details on how to use `HybridModel`
 > number of parameters on (tensor, gtp_remat, pipeline) model parallel rank (0, 0, 0): 875237376
 > number of parameters on (tensor, gtp_remat, pipeline) model parallel rank (1, 0, 0): 875237376
INFO:megatron.core.distributed.distributed_data_parallel:Setting up DistributedDataParallel with config DistributedDataParallelConfig(grad_reduce_in_fp32=True, overlap_grad_reduce=False, overlap_param_gather=False, align_param_gather=False, use_distributed_optimizer=False, num_distributed_optimizer_instances=1, check_for_nan_in_grad=True, check_for_large_grads=False, bucket_size=None, num_buckets=None, pad_buckets_for_high_nccl_busbw=False, reduce_scatter_with_fp32_accumulation=False, param_name_patterns_for_fp32_local_accumulation=(), average_in_collective=False, fp8_param_gather=False, fp4_param_gather=False, reuse_grad_buf_for_mxfp8_param_ag=False, use_megatron_fsdp=False, megatron_fsdp_version=1, use_custom_fsdp=False, data_parallel_sharding_strategy='optim_grads_params', expert_data_parallel_sharding_strategy=None, gradient_reduce_div_fusion=True, suggested_communication_unit_size=None, keep_fp8_transpose_cache=False, nccl_ub=False, fsdp_double_buffer=False, fsdp_db_use_persist_buf_on_alloc_fail=False, fsdp_all_gather_in_start_param_sync=True, outer_dp_sharding_strategy='no_shard', disable_symmetric_registration=False, fsdp_manual_registration=False, delay_wgrad_compute=False, megatron_fsdp_main_params_dtype=torch.float32, megatron_fsdp_main_grads_dtype=None, megatron_fsdp_grad_comm_dtype=None, megatron_fsdp_use_decoupled_grad=False, megatron_fsdp_cuda_graph_mode=False, megatron_fsdp_enable_fine_grained_param_gather=False, megatron_fsdp_max_pool_double_buffer=False, hfsdp_param_gather_overlap=False)
INFO:megatron.core.distributed.param_and_grad_buffer:Number of buckets for gradient all-reduce / reduce-scatter: 1
Params for bucket 1 (875237376 elements, 875237376 padded size, 0 param(s) with extra main_grads):
	module.output_layer.weight (param.main_grad.dtype=torch.float32)
	module.decoder.final_layernorm.bias (param.main_grad.dtype=torch.float32)
	module.decoder.final_layernorm.weight (param.main_grad.dtype=torch.float32)
	module.decoder.layers.23.mlp.linear_fc2.weight (param.main_grad.dtype=torch.float32)
	module.decoder.layers.23.mlp.linear_fc1.weight (param.main_grad.dtype=torch.float32)
	module.decoder.layers.23.mlp.linear_fc1.layer_norm_bias (param.main_grad.dtype=torch.float32)
	module.decoder.layers.23.mlp.linear_fc1.layer_norm_weight (param.main_grad.dtype=torch.float32)
	module.decoder.layers.23.self_attention.linear_qkv.weight (param.main_grad.dtype=torch.float32)
	module.decoder.layers.23.self_attention.linear_qkv.layer_norm_bias (param.main_grad.dtype=torch.float32)
	module.decoder.layers.23.self_attention.linear_qkv.layer_norm_weight (param.main_grad.dtype=torch.float32)
	module.decoder.layers.23.self_attention.linear_proj.weight (param.main_grad.dtype=torch.float32)
	module.decoder.layers.22.mlp.linear_fc2.weight (param.main_grad.dtype=torch.float32)
	module.decoder.layers.22.mlp.linear_fc1.weight (param.main_grad.dtype=torch.float32)
	module.decoder.layers.22.mlp.linear_fc1.layer_norm_bias (param.main_grad.dtype=torch.float32)
	module.decoder.layers.22.mlp.linear_fc1.layer_norm_weight (param.main_grad.dtype=torch.float32)
	module.decoder.layers.22.self_attention.linear_qkv.weight (param.main_grad.dtype=torch.float32)
	module.decoder.layers.22.self_attention.linear_qkv.layer_norm_bias (param.main_grad.dtype=torch.float32)
	module.decoder.layers.22.self_attention.linear_qkv.layer_norm_weight (param.main_grad.dtype=torch.float32)
	module.decoder.layers.22.self_attention.linear_proj.weight (param.main_grad.dtype=torch.float32)
	module.decoder.layers.21.mlp.linear_fc2.weight (param.main_grad.dtype=torch.float32)
	module.decoder.layers.21.mlp.linear_fc1.weight (param.main_grad.dtype=torch.float32)
	module.decoder.layers.21.mlp.linear_fc1.layer_norm_bias (param.main_grad.dtype=torch.float32)
	module.decoder.layers.21.mlp.linear_fc1.layer_norm_weight (param.main_grad.dtype=torch.float32)
	module.decoder.layers.21.self_attention.linear_qkv.weight (param.main_grad.dtype=torch.float32)
	module.decoder.layers.21.self_attention.linear_qkv.layer_norm_bias (param.main_grad.dtype=torch.float32)
	module.decoder.layers.21.self_attention.linear_qkv.layer_norm_weight (param.main_grad.dtype=torch.float32)
	module.decoder.layers.21.self_attention.linear_proj.weight (param.main_grad.dtype=torch.float32)
	module.decoder.layers.20.mlp.linear_fc2.weight (param.main_grad.dtype=torch.float32)
	module.decoder.layers.20.mlp.linear_fc1.weight (param.main_grad.dtype=torch.float32)
	module.decoder.layers.20.mlp.linear_fc1.layer_norm_bias (param.main_grad.dtype=torch.float32)
	module.decoder.layers.20.mlp.linear_fc1.layer_norm_weight (param.main_grad.dtype=torch.float32)
	module.decoder.layers.20.self_attention.linear_qkv.weight (param.main_grad.dtype=torch.float32)
	module.decoder.layers.20.self_attention.linear_qkv.layer_norm_bias (param.main_grad.dtype=torch.float32)
	module.decoder.layers.20.self_attention.linear_qkv.layer_norm_weight (param.main_grad.dtype=torch.float32)
	module.decoder.layers.20.self_attention.linear_proj.weight (param.main_grad.dtype=torch.float32)
	module.decoder.layers.19.mlp.linear_fc2.weight (param.main_grad.dtype=torch.float32)
	module.decoder.layers.19.mlp.linear_fc1.weight (param.main_grad.dtype=torch.float32)
	module.decoder.layers.19.mlp.linear_fc1.layer_norm_bias (param.main_grad.dtype=torch.float32)
	module.decoder.layers.19.mlp.linear_fc1.layer_norm_weight (param.main_grad.dtype=torch.float32)
	module.decoder.layers.19.self_attention.linear_qkv.weight (param.main_grad.dtype=torch.float32)
	module.decoder.layers.19.self_attention.linear_qkv.layer_norm_bias (param.main_grad.dtype=torch.float32)
	module.decoder.layers.19.self_attention.linear_qkv.layer_norm_weight (param.main_grad.dtype=torch.float32)
	module.decoder.layers.19.self_attention.linear_proj.weight (param.main_grad.dtype=torch.float32)
	module.decoder.layers.18.mlp.linear_fc2.weight (param.main_grad.dtype=torch.float32)
	module.decoder.layers.18.mlp.linear_fc1.weight (param.main_grad.dtype=torch.float32)
	module.decoder.layers.18.mlp.linear_fc1.layer_norm_bias (param.main_grad.dtype=torch.float32)
	module.decoder.layers.18.mlp.linear_fc1.layer_norm_weight (param.main_grad.dtype=torch.float32)
	module.decoder.layers.18.self_attention.linear_qkv.weight (param.main_grad.dtype=torch.float32)
	module.decoder.layers.18.self_attention.linear_qkv.layer_norm_bias (param.main_grad.dtype=torch.float32)
	module.decoder.layers.18.self_attention.linear_qkv.layer_norm_weight (param.main_grad.dtype=torch.float32)
	module.decoder.layers.18.self_attention.linear_proj.weight (param.main_grad.dtype=torch.float32)
	module.decoder.layers.17.mlp.linear_fc2.weight (param.main_grad.dtype=torch.float32)
	module.decoder.layers.17.mlp.linear_fc1.weight (param.main_grad.dtype=torch.float32)
	module.decoder.layers.17.mlp.linear_fc1.layer_norm_bias (param.main_grad.dtype=torch.float32)
	module.decoder.layers.17.mlp.linear_fc1.layer_norm_weight (param.main_grad.dtype=torch.float32)
	module.decoder.layers.17.self_attention.linear_qkv.weight (param.main_grad.dtype=torch.float32)
	module.decoder.layers.17.self_attention.linear_qkv.layer_norm_bias (param.main_grad.dtype=torch.float32)
	module.decoder.layers.17.self_attention.linear_qkv.layer_norm_weight (param.main_grad.dtype=torch.float32)
	module.decoder.layers.17.self_attention.linear_proj.weight (param.main_grad.dtype=torch.float32)
	module.decoder.layers.16.mlp.linear_fc2.weight (param.main_grad.dtype=torch.float32)
	module.decoder.layers.16.mlp.linear_fc1.weight (param.main_grad.dtype=torch.float32)
	module.decoder.layers.16.mlp.linear_fc1.layer_norm_bias (param.main_grad.dtype=torch.float32)
	module.decoder.layers.16.mlp.linear_fc1.layer_norm_weight (param.main_grad.dtype=torch.float32)
	module.decoder.layers.16.self_attention.linear_qkv.weight (param.main_grad.dtype=torch.float32)
	module.decoder.layers.16.self_attention.linear_qkv.layer_norm_bias (param.main_grad.dtype=torch.float32)
	module.decoder.layers.16.self_attention.linear_qkv.layer_norm_weight (param.main_grad.dtype=torch.float32)
	module.decoder.layers.16.self_attention.linear_proj.weight (param.main_grad.dtype=torch.float32)
	module.decoder.layers.15.mlp.linear_fc2.weight (param.main_grad.dtype=torch.float32)
	module.decoder.layers.15.mlp.linear_fc1.weight (param.main_grad.dtype=torch.float32)
	module.decoder.layers.15.mlp.linear_fc1.layer_norm_bias (param.main_grad.dtype=torch.float32)
	module.decoder.layers.15.mlp.linear_fc1.layer_norm_weight (param.main_grad.dtype=torch.float32)
	module.decoder.layers.15.self_attention.linear_qkv.weight (param.main_grad.dtype=torch.float32)
	module.decoder.layers.15.self_attention.linear_qkv.layer_norm_bias (param.main_grad.dtype=torch.float32)
	module.decoder.layers.15.self_attention.linear_qkv.layer_norm_weight (param.main_grad.dtype=torch.float32)
	module.decoder.layers.15.self_attention.linear_proj.weight (param.main_grad.dtype=torch.float32)
	module.decoder.layers.14.mlp.linear_fc2.weight (param.main_grad.dtype=torch.float32)
	module.decoder.layers.14.mlp.linear_fc1.weight (param.main_grad.dtype=torch.float32)
	module.decoder.layers.14.mlp.linear_fc1.layer_norm_bias (param.main_grad.dtype=torch.float32)
	module.decoder.layers.14.mlp.linear_fc1.layer_norm_weight (param.main_grad.dtype=torch.float32)
	module.decoder.layers.14.self_attention.linear_qkv.weight (param.main_grad.dtype=torch.float32)
	module.decoder.layers.14.self_attention.linear_qkv.layer_norm_bias (param.main_grad.dtype=torch.float32)
	module.decoder.layers.14.self_attention.linear_qkv.layer_norm_weight (param.main_grad.dtype=torch.float32)
	module.decoder.layers.14.self_attention.linear_proj.weight (param.main_grad.dtype=torch.float32)
	module.decoder.layers.13.mlp.linear_fc2.weight (param.main_grad.dtype=torch.float32)
	module.decoder.layers.13.mlp.linear_fc1.weight (param.main_grad.dtype=torch.float32)
	module.decoder.layers.13.mlp.linear_fc1.layer_norm_bias (param.main_grad.dtype=torch.float32)
	module.decoder.layers.13.mlp.linear_fc1.layer_norm_weight (param.main_grad.dtype=torch.float32)
	module.decoder.layers.13.self_attention.linear_qkv.weight (param.main_grad.dtype=torch.float32)
	module.decoder.layers.13.self_attention.linear_qkv.layer_norm_bias (param.main_grad.dtype=torch.float32)
	module.decoder.layers.13.self_attention.linear_qkv.layer_norm_weight (param.main_grad.dtype=torch.float32)
	module.decoder.layers.13.self_attention.linear_proj.weight (param.main_grad.dtype=torch.float32)
	module.decoder.layers.12.mlp.linear_fc2.weight (param.main_grad.dtype=torch.float32)
	module.decoder.layers.12.mlp.linear_fc1.weight (param.main_grad.dtype=torch.float32)
	module.decoder.layers.12.mlp.linear_fc1.layer_norm_bias (param.main_grad.dtype=torch.float32)
	module.decoder.layers.12.mlp.linear_fc1.layer_norm_weight (param.main_grad.dtype=torch.float32)
	module.decoder.layers.12.self_attention.linear_qkv.weight (param.main_grad.dtype=torch.float32)
	module.decoder.layers.12.self_attention.linear_qkv.layer_norm_bias (param.main_grad.dtype=torch.float32)
	module.decoder.layers.12.self_attention.linear_qkv.layer_norm_weight (param.main_grad.dtype=torch.float32)
	module.decoder.layers.12.self_attention.linear_proj.weight (param.main_grad.dtype=torch.float32)
	module.decoder.layers.11.mlp.linear_fc2.weight (param.main_grad.dtype=torch.float32)
	module.decoder.layers.11.mlp.linear_fc1.weight (param.main_grad.dtype=torch.float32)
	module.decoder.layers.11.mlp.linear_fc1.layer_norm_bias (param.main_grad.dtype=torch.float32)
	module.decoder.layers.11.mlp.linear_fc1.layer_norm_weight (param.main_grad.dtype=torch.float32)
	module.decoder.layers.11.self_attention.linear_qkv.weight (param.main_grad.dtype=torch.float32)
	module.decoder.layers.11.self_attention.linear_qkv.layer_norm_bias (param.main_grad.dtype=torch.float32)
	module.decoder.layers.11.self_attention.linear_qkv.layer_norm_weight (param.main_grad.dtype=torch.float32)
	module.decoder.layers.11.self_attention.linear_proj.weight (param.main_grad.dtype=torch.float32)
	module.decoder.layers.10.mlp.linear_fc2.weight (param.main_grad.dtype=torch.float32)
	module.decoder.layers.10.mlp.linear_fc1.weight (param.main_grad.dtype=torch.float32)
	module.decoder.layers.10.mlp.linear_fc1.layer_norm_bias (param.main_grad.dtype=torch.float32)
	module.decoder.layers.10.mlp.linear_fc1.layer_norm_weight (param.main_grad.dtype=torch.float32)
	module.decoder.layers.10.self_attention.linear_qkv.weight (param.main_grad.dtype=torch.float32)
	module.decoder.layers.10.self_attention.linear_qkv.layer_norm_bias (param.main_grad.dtype=torch.float32)
	module.decoder.layers.10.self_attention.linear_qkv.layer_norm_weight (param.main_grad.dtype=torch.float32)
	module.decoder.layers.10.self_attention.linear_proj.weight (param.main_grad.dtype=torch.float32)
	module.decoder.layers.9.mlp.linear_fc2.weight (param.main_grad.dtype=torch.float32)
	module.decoder.layers.9.mlp.linear_fc1.weight (param.main_grad.dtype=torch.float32)
	module.decoder.layers.9.mlp.linear_fc1.layer_norm_bias (param.main_grad.dtype=torch.float32)
	module.decoder.layers.9.mlp.linear_fc1.layer_norm_weight (param.main_grad.dtype=torch.float32)
	module.decoder.layers.9.self_attention.linear_qkv.weight (param.main_grad.dtype=torch.float32)
	module.decoder.layers.9.self_attention.linear_qkv.layer_norm_bias (param.main_grad.dtype=torch.float32)
	module.decoder.layers.9.self_attention.linear_qkv.layer_norm_weight (param.main_grad.dtype=torch.float32)
	module.decoder.layers.9.self_attention.linear_proj.weight (param.main_grad.dtype=torch.float32)
	module.decoder.layers.8.mlp.linear_fc2.weight (param.main_grad.dtype=torch.float32)
	module.decoder.layers.8.mlp.linear_fc1.weight (param.main_grad.dtype=torch.float32)
	module.decoder.layers.8.mlp.linear_fc1.layer_norm_bias (param.main_grad.dtype=torch.float32)
	module.decoder.layers.8.mlp.linear_fc1.layer_norm_weight (param.main_grad.dtype=torch.float32)
	module.decoder.layers.8.self_attention.linear_qkv.weight (param.main_grad.dtype=torch.float32)
	module.decoder.layers.8.self_attention.linear_qkv.layer_norm_bias (param.main_grad.dtype=torch.float32)
	module.decoder.layers.8.self_attention.linear_qkv.layer_norm_weight (param.main_grad.dtype=torch.float32)
	module.decoder.layers.8.self_attention.linear_proj.weight (param.main_grad.dtype=torch.float32)
	module.decoder.layers.7.mlp.linear_fc2.weight (param.main_grad.dtype=torch.float32)
	module.decoder.layers.7.mlp.linear_fc1.weight (param.main_grad.dtype=torch.float32)
	module.decoder.layers.7.mlp.linear_fc1.layer_norm_bias (param.main_grad.dtype=torch.float32)
	module.decoder.layers.7.mlp.linear_fc1.layer_norm_weight (param.main_grad.dtype=torch.float32)
	module.decoder.layers.7.self_attention.linear_qkv.weight (param.main_grad.dtype=torch.float32)
	module.decoder.layers.7.self_attention.linear_qkv.layer_norm_bias (param.main_grad.dtype=torch.float32)
	module.decoder.layers.7.self_attention.linear_qkv.layer_norm_weight (param.main_grad.dtype=torch.float32)
	module.decoder.layers.7.self_attention.linear_proj.weight (param.main_grad.dtype=torch.float32)
	module.decoder.layers.6.mlp.linear_fc2.weight (param.main_grad.dtype=torch.float32)
	module.decoder.layers.6.mlp.linear_fc1.weight (param.main_grad.dtype=torch.float32)
	module.decoder.layers.6.mlp.linear_fc1.layer_norm_bias (param.main_grad.dtype=torch.float32)
	module.decoder.layers.6.mlp.linear_fc1.layer_norm_weight (param.main_grad.dtype=torch.float32)
	module.decoder.layers.6.self_attention.linear_qkv.weight (param.main_grad.dtype=torch.float32)
	module.decoder.layers.6.self_attention.linear_qkv.layer_norm_bias (param.main_grad.dtype=torch.float32)
	module.decoder.layers.6.self_attention.linear_qkv.layer_norm_weight (param.main_grad.dtype=torch.float32)
	module.decoder.layers.6.self_attention.linear_proj.weight (param.main_grad.dtype=torch.float32)
	module.decoder.layers.5.mlp.linear_fc2.weight (param.main_grad.dtype=torch.float32)
	module.decoder.layers.5.mlp.linear_fc1.weight (param.main_grad.dtype=torch.float32)
	module.decoder.layers.5.mlp.linear_fc1.layer_norm_bias (param.main_grad.dtype=torch.float32)
	module.decoder.layers.5.mlp.linear_fc1.layer_norm_weight (param.main_grad.dtype=torch.float32)
	module.decoder.layers.5.self_attention.linear_qkv.weight (param.main_grad.dtype=torch.float32)
	module.decoder.layers.5.self_attention.linear_qkv.layer_norm_bias (param.main_grad.dtype=torch.float32)
	module.decoder.layers.5.self_attention.linear_qkv.layer_norm_weight (param.main_grad.dtype=torch.float32)
	module.decoder.layers.5.self_attention.linear_proj.weight (param.main_grad.dtype=torch.float32)
	module.decoder.layers.4.mlp.linear_fc2.weight (param.main_grad.dtype=torch.float32)
	module.decoder.layers.4.mlp.linear_fc1.weight (param.main_grad.dtype=torch.float32)
	module.decoder.layers.4.mlp.linear_fc1.layer_norm_bias (param.main_grad.dtype=torch.float32)
	module.decoder.layers.4.mlp.linear_fc1.layer_norm_weight (param.main_grad.dtype=torch.float32)
	module.decoder.layers.4.self_attention.linear_qkv.weight (param.main_grad.dtype=torch.float32)
	module.decoder.layers.4.self_attention.linear_qkv.layer_norm_bias (param.main_grad.dtype=torch.float32)
	module.decoder.layers.4.self_attention.linear_qkv.layer_norm_weight (param.main_grad.dtype=torch.float32)
	module.decoder.layers.4.self_attention.linear_proj.weight (param.main_grad.dtype=torch.float32)
	module.decoder.layers.3.mlp.linear_fc2.weight (param.main_grad.dtype=torch.float32)
	module.decoder.layers.3.mlp.linear_fc1.weight (param.main_grad.dtype=torch.float32)
	module.decoder.layers.3.mlp.linear_fc1.layer_norm_bias (param.main_grad.dtype=torch.float32)
	module.decoder.layers.3.mlp.linear_fc1.layer_norm_weight (param.main_grad.dtype=torch.float32)
	module.decoder.layers.3.self_attention.linear_qkv.weight (param.main_grad.dtype=torch.float32)
	module.decoder.layers.3.self_attention.linear_qkv.layer_norm_bias (param.main_grad.dtype=torch.float32)
	module.decoder.layers.3.self_attention.linear_qkv.layer_norm_weight (param.main_grad.dtype=torch.float32)
	module.decoder.layers.3.self_attention.linear_proj.weight (param.main_grad.dtype=torch.float32)
	module.decoder.layers.2.mlp.linear_fc2.weight (param.main_grad.dtype=torch.float32)
	module.decoder.layers.2.mlp.linear_fc1.weight (param.main_grad.dtype=torch.float32)
	module.decoder.layers.2.mlp.linear_fc1.layer_norm_bias (param.main_grad.dtype=torch.float32)
	module.decoder.layers.2.mlp.linear_fc1.layer_norm_weight (param.main_grad.dtype=torch.float32)
	module.decoder.layers.2.self_attention.linear_qkv.weight (param.main_grad.dtype=torch.float32)
	module.decoder.layers.2.self_attention.linear_qkv.layer_norm_bias (param.main_grad.dtype=torch.float32)
	module.decoder.layers.2.self_attention.linear_qkv.layer_norm_weight (param.main_grad.dtype=torch.float32)
	module.decoder.layers.2.self_attention.linear_proj.weight (param.main_grad.dtype=torch.float32)
	module.decoder.layers.1.mlp.linear_fc2.weight (param.main_grad.dtype=torch.float32)
	module.decoder.layers.1.mlp.linear_fc1.weight (param.main_grad.dtype=torch.float32)
	module.decoder.layers.1.mlp.linear_fc1.layer_norm_bias (param.main_grad.dtype=torch.float32)
	module.decoder.layers.1.mlp.linear_fc1.layer_norm_weight (param.main_grad.dtype=torch.float32)
	module.decoder.layers.1.self_attention.linear_qkv.weight (param.main_grad.dtype=torch.float32)
	module.decoder.layers.1.self_attention.linear_qkv.layer_norm_bias (param.main_grad.dtype=torch.float32)
	module.decoder.layers.1.self_attention.linear_qkv.layer_norm_weight (param.main_grad.dtype=torch.float32)
	module.decoder.layers.1.self_attention.linear_proj.weight (param.main_grad.dtype=torch.float32)
	module.decoder.layers.0.mlp.linear_fc2.weight (param.main_grad.dtype=torch.float32)
	module.decoder.layers.0.mlp.linear_fc1.weight (param.main_grad.dtype=torch.float32)
	module.decoder.layers.0.mlp.linear_fc1.layer_norm_bias (param.main_grad.dtype=torch.float32)
	module.decoder.layers.0.mlp.linear_fc1.layer_norm_weight (param.main_grad.dtype=torch.float32)
	module.decoder.layers.0.self_attention.linear_qkv.weight (param.main_grad.dtype=torch.float32)
	module.decoder.layers.0.self_attention.linear_qkv.layer_norm_bias (param.main_grad.dtype=torch.float32)
	module.decoder.layers.0.self_attention.linear_qkv.layer_norm_weight (param.main_grad.dtype=torch.float32)
	module.decoder.layers.0.self_attention.linear_proj.weight (param.main_grad.dtype=torch.float32)
	module.embedding.position_embeddings.weight (param.main_grad.dtype=torch.float32)
	module.embedding.word_embeddings.weight (param.main_grad.dtype=torch.float32)
INFO:megatron.core.distributed.param_and_grad_buffer:Using all-reduce for gradient reductions because self.ddp_config.use_distributed_optimizer=False
INFO:megatron.core.optimizer:Setting up optimizer with config OptimizerConfig(lr=0.00015, min_lr=1.5e-05, decoupled_lr=None, decoupled_min_lr=None, weight_decay=0.1, apply_wd_to_qk_layernorm=False, fp8_recipe='delayed', fp16=False, bf16=True, reuse_grad_buf_for_mxfp8_param_ag=False, params_dtype=torch.bfloat16, use_precision_aware_optimizer=False, store_param_remainders=True, main_grads_dtype=torch.float32, main_params_dtype=torch.float32, exp_avg_dtype=torch.float32, exp_avg_sq_dtype=torch.float32, optimizer='adam', loss_scale=None, initial_loss_scale=4294967296, min_loss_scale=1.0, loss_scale_window=1000, hysteresis=2, adam_beta1=0.9, adam_beta2=0.95, adam_eps=1e-08, decoupled_weight_decay=True, sgd_momentum=0.9, muon_momentum=0.9, muon_split_qkv=True, muon_nesterov=False, muon_scale_mode='spectral', muon_fp32_matmul_prec='medium', muon_coefficient_type='quintic', muon_num_ns_steps=5, muon_tp_mode='duplicated', muon_use_syrk=False, muon_extra_scale_factor=1.0, muon_scalar_optimizer='adam', lion_beta1=0.95, lion_beta2=0.98, soap_shampoo_beta=0.95, soap_use_kl_shampoo=True, adaptive_muon_moment2_method='adamuon', adaptive_muon_beta2=0.95, adaptive_muon_eps=1e-08, use_distributed_optimizer=False, use_layer_wise_distributed_optimizer=False, overlap_param_gather=False, overlap_param_gather_with_optimizer_step=False, optimizer_cpu_offload=False, optimizer_offload_fraction=1.0, use_torch_optimizer_for_cpu_offload=False, overlap_cpu_optimizer_d2h_h2d=False, pin_cpu_grads=True, pin_cpu_params=True, clip_grad=1.0, grad_norm_skip_threshold=inf, log_num_zeros_in_grad=False, barrier_with_L1_time=True, timers=<megatron.core.timers.Timers object at 0x764d669e90d0>, config_logger_dir='', optimizer_cuda_graph=False)
INFO:megatron.core.optimizer_param_scheduler:> learning rate decay style: cosine
[after model, optimizer, and learning rate scheduler are built] datetime: 2026-09-09 08:04:37.504679 
> building train, validation, and test datasets ...
 > datasets target sizes (minimum size):
    train:      7680
    validation: 0
    test:       0
INFO:megatron.core.datasets.blended_megatron_dataset_config:Let mock = True, as both blend and blend_per_split are None
INFO:megatron.core.datasets.blended_megatron_dataset_config:Let split = 1,1,1, an arbitrarily even split, as mock is True
INFO:megatron.core.datasets.blended_megatron_dataset_config:Let split_matrix = [(0, 0.3333333333333333), (0.3333333333333333, 0.6666666666666666), (0.6666666666666666, 1.0)]
> building train, validation, and test datasets for GPT ...
INFO:megatron.core.datasets.blended_megatron_dataset_builder:Building MockGPTDataset splits with sizes=(7680, 0, 0) and config=GPTDatasetConfig(random_seed=1234, sequence_length=2048, blend=None, blend_per_split=None, multiple_validation_sets=False, full_validation=False, split='1,1,1', split_matrix=[(0, 0.3333333333333333), (0.3333333333333333, 0.6666666666666666), (0.6666666666666666, 1.0)], num_dataset_builder_threads=1, path_to_cache='/root/working/dp-tp-pp-lab/data_cache', mmap_bin_files=True, mock=True, tokenizer=<megatron.core.tokenizers.text.text_tokenizer.MegatronTokenizerText object at 0x764d30629dc0>, mid_level_dataset_surplus=0.005, allow_ambiguous_pad_tokens=False, fast_cache_load=False, defer_npy_index_mmap=False, reset_position_ids=False, reset_attention_mask=False, eod_mask_loss=False, create_attention_mask=False, drop_last_partial_validation_sequence=True, add_extra_token_to_sequence=True, object_storage_cache_path=None, data_parallel_size=1, sequence_parallel_size=0, hybrid_context_parallel=False, sequences_per_dataset=None, token_dtype_code=8, context_parallel_size=1, inter_document_masking=False, sft_mock_dataset_config_json=None, varlen_mock_dataset_config_json=None, varlen_sbhd_validation=False)
INFO:megatron.core.datasets.gpt_dataset:Load the MockGPTDataset train indices
INFO:megatron.core.datasets.gpt_dataset:	Load the document index from 42ae8e8fb393a4284489c5ba05938d84-MockGPTDataset-train-document_index.npy
INFO:megatron.core.datasets.gpt_dataset:	Load the sample index from 42ae8e8fb393a4284489c5ba05938d84-MockGPTDataset-train-sample_index.npy
INFO:megatron.core.datasets.gpt_dataset:	Load the shuffle index from 42ae8e8fb393a4284489c5ba05938d84-MockGPTDataset-train-shuffle_index.npy
INFO:megatron.core.datasets.gpt_dataset:> total number of samples: 33296
INFO:megatron.core.datasets.gpt_dataset:Load the MockGPTDataset valid indices
INFO:megatron.core.datasets.gpt_dataset:	Load the document index from fa5becf14f161ee5e1c484cef5259a25-MockGPTDataset-valid-document_index.npy
INFO:megatron.core.datasets.gpt_dataset:	Load the sample index from fa5becf14f161ee5e1c484cef5259a25-MockGPTDataset-valid-sample_index.npy
INFO:megatron.core.datasets.gpt_dataset:	Load the shuffle index from fa5becf14f161ee5e1c484cef5259a25-MockGPTDataset-valid-shuffle_index.npy
INFO:megatron.core.datasets.gpt_dataset:> total number of samples: 33281
INFO:megatron.core.datasets.gpt_dataset:Load the MockGPTDataset test indices
INFO:megatron.core.datasets.gpt_dataset:	Load the document index from 1d1ee22374476422b90c02a08e6c78b3-MockGPTDataset-test-document_index.npy
INFO:megatron.core.datasets.gpt_dataset:	Load the sample index from 1d1ee22374476422b90c02a08e6c78b3-MockGPTDataset-test-sample_index.npy
INFO:megatron.core.datasets.gpt_dataset:	Load the shuffle index from 1d1ee22374476422b90c02a08e6c78b3-MockGPTDataset-test-shuffle_index.npy
INFO:megatron.core.datasets.gpt_dataset:> total number of samples: 33343
> finished creating GPT datasets ...
[after dataloaders are built] datetime: 2026-09-09 08:04:37.765637 
done with setup ...
INFO:megatron.core.timers:(min, max) time across ranks (ms):
    model-and-optimizer-setup ......................: (209.18, 209.19)
    train/valid/test-data-iterators-setup ..........: (6.15, 259.63)
training ...
Overwriting rerun_state_machine.current_iteration from -1 to 0...
[before the start of training step] datetime: 2026-09-09 08:04:37.771255 
WARNING:megatron.core.rerun_state_machine:Result validation enabled
/root/working/dp-tp-pp-lab/third_party/Megatron-LM/megatron/core/pipeline_parallel/schedules.py:225: UserWarning: The AccumulateGrad node's stream does not match the stream of the node that produced the incoming gradient. This may incur unnecessary synchronization and break CUDA graph capture if the AccumulateGrad node's stream is the default stream. This mismatch is caused by an AccumulateGrad node created prior to the current iteration being kept alive. This can happen if the autograd graph is still being kept alive by tensors such as the loss, or if you are using DDP, which will stash a reference to the node. To resolve the mismatch, delete all references to the autograd graph or ensure that DDP initialization is performed under the same stream as subsequent forwards. If the mismatch is intentional, you can use torch.autograd.graph.set_warn_on_accumulate_grad_stream_mismatch(False) to suppress this warning. (Triggered internally at /opt/pytorch/pytorch/torch/csrc/autograd/input_buffer.cpp:240.)
  Variable._execution_engine.run_backward(
/usr/local/lib/python3.12/dist-packages/torch/distributed/c10d_logger.py:83: UserWarning: barrier(): using the device under current context. You can specify `device_id` in `init_process_group` to mute this warning.
  return func(*args, **kwargs)
 [2026-09-09 08:04:46.796572] iteration        1/     120 | consumed samples:           64 | elapsed time per iteration (ms): 9025.7 | throughput per GPU (TFLOP/s/GPU): 77.4 | learning rate: 7.500000E-06 | global batch size:    64 | lm loss: 1.078193E+01 | loss scale: 1.0 | grad norm: 4.861 | number of skipped iterations:   0 | number of nan iterations:   0 |
Number of parameters in transformer block in billions:  1.61
Number of active parameters in transformer block in billions:  1.61
Number of parameters in embedding layers in billions: 0.13
Total number of parameters in billions: 1.74
Total number of active parameters in billions: 1.74
Number of parameters in most loaded shard in billions: 0.8710
compute_activation_memory_without_sp
Activation memory footprint per transformer layer (precise, without SP): 88.0 MB
Theoretical memory footprints: weight and optimizer=14952.45 MB, activation=2295.84 MB, total=17248.29 MB

[Rank 1] (after 1 iterations) memory (MB) | allocated: 15177.20 | max allocated: 15177.23 | reserved: 16566.00 | max reserved: 16566.00
[Rank 0] (after 1 iterations) memory (MB) | allocated: 15177.20 | max allocated: 15177.23 | reserved: 16566.00 | max reserved: 16566.00
Number of parameters in transformer block in billions:  1.61
Number of active parameters in transformer block in billions:  1.61
Number of parameters in embedding layers in billions: 0.13
Total number of parameters in billions: 1.74
Total number of active parameters in billions: 1.74
Number of parameters in most loaded shard in billions: 0.8710 [2026-09-09 08:04:53.493052] iteration        2/     120 | consumed samples:          128 | elapsed time per iteration (ms): 7861.0 | throughput per GPU (TFLOP/s/GPU): 88.9 | learning rate: 1.500000E-05 | global batch size:    64 | lm loss: 1.078110E+01 | loss scale: 1.0 | grad norm: 4.858 | number of skipped iterations:   0 | number of nan iterations:   0 |
compute_activation_memory_without_sp
Activation memory footprint per transformer layer (precise, without SP): 88.0 MB

Theoretical memory footprints: weight and optimizer=14952.45 MB, activation=2295.84 MB, total=17248.29 MB

[Rank 0] (after 2 iterations) memory (MB) | allocated: 15177.20 | max allocated: 17884.14 | reserved: 18080.00 | max reserved: 18080.00[Rank 1] (after 2 iterations) memory (MB) | allocated: 15177.20 | max allocated: 17884.14 | reserved: 18080.00 | max reserved: 18080.00

 [2026-09-09 08:05:00.188966] iteration        3/     120 | consumed samples:          192 | elapsed time per iteration (ms): 6695.8 | throughput per GPU (TFLOP/s/GPU): 104.3 | learning rate: 2.250000E-05 | global batch size:    64 | lm loss: 1.075553E+01 | loss scale: 1.0 | grad norm: 4.861 | number of skipped iterations:   0 | number of nan iterations:   0 |
 [2026-09-09 08:05:06.832771] iteration        4/     120 | consumed samples:          256 | elapsed time per iteration (ms): 6643.7 | throughput per GPU (TFLOP/s/GPU): 105.2 | learning rate: 3.000000E-05 | global batch size:    64 | lm loss: 1.060993E+01 | loss scale: 1.0 | grad norm: 5.171 | number of skipped iterations:   0 | number of nan iterations:   0 |
 [2026-09-09 08:05:13.372751] iteration        5/     120 | consumed samples:          320 | elapsed time per iteration (ms): 6539.9 | throughput per GPU (TFLOP/s/GPU): 106.8 | learning rate: 3.750000E-05 | global batch size:    64 | lm loss: 1.031964E+01 | loss scale: 1.0 | grad norm: 3.718 | number of skipped iterations:   0 | number of nan iterations:   0 |
 [2026-09-09 08:05:20.019881] iteration        6/     120 | consumed samples:          384 | elapsed time per iteration (ms): 6647.0 | throughput per GPU (TFLOP/s/GPU): 105.1 | learning rate: 4.500000E-05 | global batch size:    64 | lm loss: 1.013090E+01 | loss scale: 1.0 | grad norm: 1.678 | number of skipped iterations:   0 | number of nan iterations:   0 |
 [2026-09-09 08:05:26.592607] iteration        7/     120 | consumed samples:          448 | elapsed time per iteration (ms): 6572.6 | throughput per GPU (TFLOP/s/GPU): 106.3 | learning rate: 5.250000E-05 | global batch size:    64 | lm loss: 9.957688E+00 | loss scale: 1.0 | grad norm: 1.216 | number of skipped iterations:   0 | number of nan iterations:   0 |
 [2026-09-09 08:05:33.170082] iteration        8/     120 | consumed samples:          512 | elapsed time per iteration (ms): 6577.4 | throughput per GPU (TFLOP/s/GPU): 106.2 | learning rate: 6.000000E-05 | global batch size:    64 | lm loss: 9.813979E+00 | loss scale: 1.0 | grad norm: 1.238 | number of skipped iterations:   0 | number of nan iterations:   0 |
 [2026-09-09 08:05:39.637573] iteration        9/     120 | consumed samples:          576 | elapsed time per iteration (ms): 6467.4 | throughput per GPU (TFLOP/s/GPU): 108.0 | learning rate: 6.750000E-05 | global batch size:    64 | lm loss: 9.647854E+00 | loss scale: 1.0 | grad norm: 1.494 | number of skipped iterations:   0 | number of nan iterations:   0 |
 [2026-09-09 08:05:46.273514] iteration       10/     120 | consumed samples:          640 | elapsed time per iteration (ms): 6635.8 | throughput per GPU (TFLOP/s/GPU): 105.3 | learning rate: 7.500000E-05 | global batch size:    64 | lm loss: 9.514209E+00 | loss scale: 1.0 | grad norm: 39.791 | number of skipped iterations:   0 | number of nan iterations:   0 |
 [2026-09-09 08:05:52.970409] iteration       11/     120 | consumed samples:          704 | elapsed time per iteration (ms): 6696.8 | throughput per GPU (TFLOP/s/GPU): 104.3 | learning rate: 8.250000E-05 | global batch size:    64 | lm loss: 9.403433E+00 | loss scale: 1.0 | grad norm: 1.759 | number of skipped iterations:   0 | number of nan iterations:   0 |
 [2026-09-09 08:06:00.019948] iteration       12/     120 | consumed samples:          768 | elapsed time per iteration (ms): 7049.4 | throughput per GPU (TFLOP/s/GPU): 99.1 | learning rate: 9.000000E-05 | global batch size:    64 | lm loss: 9.062467E+00 | loss scale: 1.0 | grad norm: 2.302 | number of skipped iterations:   0 | number of nan iterations:   0 |
 [2026-09-09 08:06:07.172113] iteration       13/     120 | consumed samples:          832 | elapsed time per iteration (ms): 7152.1 | throughput per GPU (TFLOP/s/GPU): 97.7 | learning rate: 9.750000E-05 | global batch size:    64 | lm loss: 1.086607E+01 | loss scale: 1.0 | grad norm: 34.940 | number of skipped iterations:   0 | number of nan iterations:   0 |
 [2026-09-09 08:06:13.904350] iteration       14/     120 | consumed samples:          896 | elapsed time per iteration (ms): 6732.1 | throughput per GPU (TFLOP/s/GPU): 103.8 | learning rate: 1.050000E-04 | global batch size:    64 | lm loss: 8.544339E+00 | loss scale: 1.0 | grad norm: 87.312 | number of skipped iterations:   0 | number of nan iterations:   0 |
 [2026-09-09 08:06:20.615240] iteration       15/     120 | consumed samples:          960 | elapsed time per iteration (ms): 6710.8 | throughput per GPU (TFLOP/s/GPU): 104.1 | learning rate: 1.125000E-04 | global batch size:    64 | lm loss: 8.229885E+00 | loss scale: 1.0 | grad norm: 8.692 | number of skipped iterations:   0 | number of nan iterations:   0 |
 [2026-09-09 08:06:27.359888] iteration       16/     120 | consumed samples:         1024 | elapsed time per iteration (ms): 6744.6 | throughput per GPU (TFLOP/s/GPU): 103.6 | learning rate: 1.200000E-04 | global batch size:    64 | lm loss: 8.132935E+00 | loss scale: 1.0 | grad norm: 37.462 | number of skipped iterations:   0 | number of nan iterations:   0 |
 [2026-09-09 08:06:34.110146] iteration       17/     120 | consumed samples:         1088 | elapsed time per iteration (ms): 6750.2 | throughput per GPU (TFLOP/s/GPU): 103.5 | learning rate: 1.275000E-04 | global batch size:    64 | lm loss: 7.966946E+00 | loss scale: 1.0 | grad norm: 7.095 | number of skipped iterations:   0 | number of nan iterations:   0 |
 [2026-09-09 08:06:40.736008] iteration       18/     120 | consumed samples:         1152 | elapsed time per iteration (ms): 6625.8 | throughput per GPU (TFLOP/s/GPU): 105.4 | learning rate: 1.350000E-04 | global batch size:    64 | lm loss: 7.340225E+00 | loss scale: 1.0 | grad norm: 22.701 | number of skipped iterations:   0 | number of nan iterations:   0 |
 [2026-09-09 08:06:47.325176] iteration       19/     120 | consumed samples:         1216 | elapsed time per iteration (ms): 6589.1 | throughput per GPU (TFLOP/s/GPU): 106.0 | learning rate: 1.425000E-04 | global batch size:    64 | lm loss: 6.899539E+00 | loss scale: 1.0 | grad norm: 9.724 | number of skipped iterations:   0 | number of nan iterations:   0 |
 [2026-09-09 08:06:53.944513] iteration       20/     120 | consumed samples:         1280 | elapsed time per iteration (ms): 6619.2 | throughput per GPU (TFLOP/s/GPU): 105.6 | learning rate: 1.500000E-04 | global batch size:    64 | lm loss: 6.785730E+00 | loss scale: 1.0 | grad norm: 27.259 | number of skipped iterations:   0 | number of nan iterations:   0 |
 [2026-09-09 08:07:00.579674] iteration       21/     120 | consumed samples:         1344 | elapsed time per iteration (ms): 6635.1 | throughput per GPU (TFLOP/s/GPU): 105.3 | learning rate: 1.499667E-04 | global batch size:    64 | lm loss: 6.250663E+00 | loss scale: 1.0 | grad norm: 15.715 | number of skipped iterations:   0 | number of nan iterations:   0 |
 [2026-09-09 08:07:07.478188] iteration       22/     120 | consumed samples:         1408 | elapsed time per iteration (ms): 6898.4 | throughput per GPU (TFLOP/s/GPU): 101.3 | learning rate: 1.498668E-04 | global batch size:    64 | lm loss: 6.462004E+00 | loss scale: 1.0 | grad norm: 47.335 | number of skipped iterations:   0 | number of nan iterations:   0 |
 [2026-09-09 08:07:14.447675] iteration       23/     120 | consumed samples:         1472 | elapsed time per iteration (ms): 6969.4 | throughput per GPU (TFLOP/s/GPU): 100.2 | learning rate: 1.497004E-04 | global batch size:    64 | lm loss: 5.546649E+00 | loss scale: 1.0 | grad norm: 17.789 | number of skipped iterations:   0 | number of nan iterations:   0 |
 [2026-09-09 08:07:21.291296] iteration       24/     120 | consumed samples:         1536 | elapsed time per iteration (ms): 6843.5 | throughput per GPU (TFLOP/s/GPU): 102.1 | learning rate: 1.494677E-04 | global batch size:    64 | lm loss: 6.303651E+00 | loss scale: 1.0 | grad norm: 37.054 | number of skipped iterations:   0 | number of nan iterations:   0 |
 [2026-09-09 08:07:28.058321] iteration       25/     120 | consumed samples:         1600 | elapsed time per iteration (ms): 6766.9 | throughput per GPU (TFLOP/s/GPU): 103.2 | learning rate: 1.491690E-04 | global batch size:    64 | lm loss: 5.896717E+00 | loss scale: 1.0 | grad norm: 18.984 | number of skipped iterations:   0 | number of nan iterations:   0 |
 [2026-09-09 08:07:34.851717] iteration       26/     120 | consumed samples:         1664 | elapsed time per iteration (ms): 6793.3 | throughput per GPU (TFLOP/s/GPU): 102.8 | learning rate: 1.488044E-04 | global batch size:    64 | lm loss: 4.474524E+00 | loss scale: 1.0 | grad norm: 16.193 | number of skipped iterations:   0 | number of nan iterations:   0 |
 [2026-09-09 08:07:41.924671] iteration       27/     120 | consumed samples:         1728 | elapsed time per iteration (ms): 7072.8 | throughput per GPU (TFLOP/s/GPU): 98.8 | learning rate: 1.483744E-04 | global batch size:    64 | lm loss: 4.239946E+00 | loss scale: 1.0 | grad norm: 16.288 | number of skipped iterations:   0 | number of nan iterations:   0 |
 [2026-09-09 08:07:48.970724] iteration       28/     120 | consumed samples:         1792 | elapsed time per iteration (ms): 7046.0 | throughput per GPU (TFLOP/s/GPU): 99.2 | learning rate: 1.478794E-04 | global batch size:    64 | lm loss: 3.467830E+00 | loss scale: 1.0 | grad norm: 11.070 | number of skipped iterations:   0 | number of nan iterations:   0 |
 [2026-09-09 08:07:55.674814] iteration       29/     120 | consumed samples:         1856 | elapsed time per iteration (ms): 6704.0 | throughput per GPU (TFLOP/s/GPU): 104.2 | learning rate: 1.473198E-04 | global batch size:    64 | lm loss: 2.715229E+00 | loss scale: 1.0 | grad norm: 9.790 | number of skipped iterations:   0 | number of nan iterations:   0 |
 [2026-09-09 08:08:02.438688] iteration       30/     120 | consumed samples:         1920 | elapsed time per iteration (ms): 6763.8 | throughput per GPU (TFLOP/s/GPU): 103.3 | learning rate: 1.466963E-04 | global batch size:    64 | lm loss: 2.955634E+00 | loss scale: 1.0 | grad norm: 11.207 | number of skipped iterations:   0 | number of nan iterations:   0 |
 [2026-09-09 08:08:09.227486] iteration       31/     120 | consumed samples:         1984 | elapsed time per iteration (ms): 6788.7 | throughput per GPU (TFLOP/s/GPU): 102.9 | learning rate: 1.460094E-04 | global batch size:    64 | lm loss: 2.295877E+00 | loss scale: 1.0 | grad norm: 10.720 | number of skipped iterations:   0 | number of nan iterations:   0 |
 [2026-09-09 08:08:16.023383] iteration       32/     120 | consumed samples:         2048 | elapsed time per iteration (ms): 6795.8 | throughput per GPU (TFLOP/s/GPU): 102.8 | learning rate: 1.452599E-04 | global batch size:    64 | lm loss: 2.312191E+00 | loss scale: 1.0 | grad norm: 10.092 | number of skipped iterations:   0 | number of nan iterations:   0 |
 [2026-09-09 08:08:22.592512] iteration       33/     120 | consumed samples:         2112 | elapsed time per iteration (ms): 6569.0 | throughput per GPU (TFLOP/s/GPU): 106.4 | learning rate: 1.444484E-04 | global batch size:    64 | lm loss: 1.929849E+00 | loss scale: 1.0 | grad norm: 9.154 | number of skipped iterations:   0 | number of nan iterations:   0 |
 [2026-09-09 08:08:29.334205] iteration       34/     120 | consumed samples:         2176 | elapsed time per iteration (ms): 6741.6 | throughput per GPU (TFLOP/s/GPU): 103.6 | learning rate: 1.435758E-04 | global batch size:    64 | lm loss: 1.454757E+00 | loss scale: 1.0 | grad norm: 7.151 | number of skipped iterations:   0 | number of nan iterations:   0 |
 [2026-09-09 08:08:36.055689] iteration       35/     120 | consumed samples:         2240 | elapsed time per iteration (ms): 6721.4 | throughput per GPU (TFLOP/s/GPU): 103.9 | learning rate: 1.426429E-04 | global batch size:    64 | lm loss: 1.614676E+00 | loss scale: 1.0 | grad norm: 5.875 | number of skipped iterations:   0 | number of nan iterations:   0 |
 [2026-09-09 08:08:42.727529] iteration       36/     120 | consumed samples:         2304 | elapsed time per iteration (ms): 6671.7 | throughput per GPU (TFLOP/s/GPU): 104.7 | learning rate: 1.416507E-04 | global batch size:    64 | lm loss: 1.297711E+00 | loss scale: 1.0 | grad norm: 5.334 | number of skipped iterations:   0 | number of nan iterations:   0 |
 [2026-09-09 08:08:49.405533] iteration       37/     120 | consumed samples:         2368 | elapsed time per iteration (ms): 6677.9 | throughput per GPU (TFLOP/s/GPU): 104.6 | learning rate: 1.406001E-04 | global batch size:    64 | lm loss: 9.508072E-01 | loss scale: 1.0 | grad norm: 2.802 | number of skipped iterations:   0 | number of nan iterations:   0 |
 [2026-09-09 08:08:56.079642] iteration       38/     120 | consumed samples:         2432 | elapsed time per iteration (ms): 6674.0 | throughput per GPU (TFLOP/s/GPU): 104.7 | learning rate: 1.394921E-04 | global batch size:    64 | lm loss: 8.713140E-01 | loss scale: 1.0 | grad norm: 2.989 | number of skipped iterations:   0 | number of nan iterations:   0 |
 [2026-09-09 08:09:02.702876] iteration       39/     120 | consumed samples:         2496 | elapsed time per iteration (ms): 6623.1 | throughput per GPU (TFLOP/s/GPU): 105.5 | learning rate: 1.383279E-04 | global batch size:    64 | lm loss: 4.958715E-01 | loss scale: 1.0 | grad norm: 1.479 | number of skipped iterations:   0 | number of nan iterations:   0 |
 [2026-09-09 08:09:09.343369] iteration       40/     120 | consumed samples:         2560 | elapsed time per iteration (ms): 6640.4 | throughput per GPU (TFLOP/s/GPU): 105.2 | learning rate: 1.371086E-04 | global batch size:    64 | lm loss: 5.509404E-01 | loss scale: 1.0 | grad norm: 1.828 | number of skipped iterations:   0 | number of nan iterations:   0 |
 [2026-09-09 08:09:16.192084] iteration       41/     120 | consumed samples:         2624 | elapsed time per iteration (ms): 6848.6 | throughput per GPU (TFLOP/s/GPU): 102.0 | learning rate: 1.358355E-04 | global batch size:    64 | lm loss: 4.522010E-01 | loss scale: 1.0 | grad norm: 1.360 | number of skipped iterations:   0 | number of nan iterations:   0 |
 [2026-09-09 08:09:23.138805] iteration       42/     120 | consumed samples:         2688 | elapsed time per iteration (ms): 6946.6 | throughput per GPU (TFLOP/s/GPU): 100.6 | learning rate: 1.345096E-04 | global batch size:    64 | lm loss: 3.716086E-01 | loss scale: 1.0 | grad norm: 1.043 | number of skipped iterations:   0 | number of nan iterations:   0 |
 [2026-09-09 08:09:29.885367] iteration       43/     120 | consumed samples:         2752 | elapsed time per iteration (ms): 6746.5 | throughput per GPU (TFLOP/s/GPU): 103.6 | learning rate: 1.331325E-04 | global batch size:    64 | lm loss: 2.526415E-01 | loss scale: 1.0 | grad norm: 0.685 | number of skipped iterations:   0 | number of nan iterations:   0 |
 [2026-09-09 08:09:36.615529] iteration       44/     120 | consumed samples:         2816 | elapsed time per iteration (ms): 6730.1 | throughput per GPU (TFLOP/s/GPU): 103.8 | learning rate: 1.317054E-04 | global batch size:    64 | lm loss: 2.836784E-01 | loss scale: 1.0 | grad norm: 0.681 | number of skipped iterations:   0 | number of nan iterations:   0 |
 [2026-09-09 08:09:43.303915] iteration       45/     120 | consumed samples:         2880 | elapsed time per iteration (ms): 6688.3 | throughput per GPU (TFLOP/s/GPU): 104.5 | learning rate: 1.302297E-04 | global batch size:    64 | lm loss: 1.143249E-01 | loss scale: 1.0 | grad norm: 0.363 | number of skipped iterations:   0 | number of nan iterations:   0 |
 [2026-09-09 08:09:49.954147] iteration       46/     120 | consumed samples:         2944 | elapsed time per iteration (ms): 6650.1 | throughput per GPU (TFLOP/s/GPU): 105.1 | learning rate: 1.287069E-04 | global batch size:    64 | lm loss: 1.276646E-01 | loss scale: 1.0 | grad norm: 0.350 | number of skipped iterations:   0 | number of nan iterations:   0 |
 [2026-09-09 08:09:56.673638] iteration       47/     120 | consumed samples:         3008 | elapsed time per iteration (ms): 6719.4 | throughput per GPU (TFLOP/s/GPU): 104.0 | learning rate: 1.271386E-04 | global batch size:    64 | lm loss: 7.563931E-02 | loss scale: 1.0 | grad norm: 0.239 | number of skipped iterations:   0 | number of nan iterations:   0 |
 [2026-09-09 08:10:03.389146] iteration       48/     120 | consumed samples:         3072 | elapsed time per iteration (ms): 6715.4 | throughput per GPU (TFLOP/s/GPU): 104.0 | learning rate: 1.255261E-04 | global batch size:    64 | lm loss: 7.633293E-02 | loss scale: 1.0 | grad norm: 0.236 | number of skipped iterations:   0 | number of nan iterations:   0 |
 [2026-09-09 08:10:10.119419] iteration       49/     120 | consumed samples:         3136 | elapsed time per iteration (ms): 6730.2 | throughput per GPU (TFLOP/s/GPU): 103.8 | learning rate: 1.238712E-04 | global batch size:    64 | lm loss: 6.055882E-02 | loss scale: 1.0 | grad norm: 0.204 | number of skipped iterations:   0 | number of nan iterations:   0 |
 [2026-09-09 08:10:16.829922] iteration       50/     120 | consumed samples:         3200 | elapsed time per iteration (ms): 6710.4 | throughput per GPU (TFLOP/s/GPU): 104.1 | learning rate: 1.221755E-04 | global batch size:    64 | lm loss: 6.960497E-02 | loss scale: 1.0 | grad norm: 0.234 | number of skipped iterations:   0 | number of nan iterations:   0 |
 [2026-09-09 08:10:23.595588] iteration       51/     120 | consumed samples:         3264 | elapsed time per iteration (ms): 6765.6 | throughput per GPU (TFLOP/s/GPU): 103.3 | learning rate: 1.204406E-04 | global batch size:    64 | lm loss: 4.374072E-02 | loss scale: 1.0 | grad norm: 0.184 | number of skipped iterations:   0 | number of nan iterations:   0 |
 [2026-09-09 08:10:30.326290] iteration       52/     120 | consumed samples:         3328 | elapsed time per iteration (ms): 6730.6 | throughput per GPU (TFLOP/s/GPU): 103.8 | learning rate: 1.186683E-04 | global batch size:    64 | lm loss: 4.517912E-02 | loss scale: 1.0 | grad norm: 0.178 | number of skipped iterations:   0 | number of nan iterations:   0 |
 [2026-09-09 08:10:37.027342] iteration       53/     120 | consumed samples:         3392 | elapsed time per iteration (ms): 6700.9 | throughput per GPU (TFLOP/s/GPU): 104.3 | learning rate: 1.168603E-04 | global batch size:    64 | lm loss: 2.679316E-02 | loss scale: 1.0 | grad norm: 0.146 | number of skipped iterations:   0 | number of nan iterations:   0 |
 [2026-09-09 08:10:43.742651] iteration       54/     120 | consumed samples:         3456 | elapsed time per iteration (ms): 6715.2 | throughput per GPU (TFLOP/s/GPU): 104.0 | learning rate: 1.150184E-04 | global batch size:    64 | lm loss: 3.142809E-02 | loss scale: 1.0 | grad norm: 0.152 | number of skipped iterations:   0 | number of nan iterations:   0 |
 [2026-09-09 08:10:50.456565] iteration       55/     120 | consumed samples:         3520 | elapsed time per iteration (ms): 6713.8 | throughput per GPU (TFLOP/s/GPU): 104.1 | learning rate: 1.131444E-04 | global batch size:    64 | lm loss: 2.667190E-02 | loss scale: 1.0 | grad norm: 0.145 | number of skipped iterations:   0 | number of nan iterations:   0 |
 [2026-09-09 08:10:57.517946] iteration       56/     120 | consumed samples:         3584 | elapsed time per iteration (ms): 7061.3 | throughput per GPU (TFLOP/s/GPU): 98.9 | learning rate: 1.112401E-04 | global batch size:    64 | lm loss: 2.275140E-02 | loss scale: 1.0 | grad norm: 0.138 | number of skipped iterations:   0 | number of nan iterations:   0 |
 [2026-09-09 08:11:04.647562] iteration       57/     120 | consumed samples:         3648 | elapsed time per iteration (ms): 7129.5 | throughput per GPU (TFLOP/s/GPU): 98.0 | learning rate: 1.093075E-04 | global batch size:    64 | lm loss: 2.319917E-02 | loss scale: 1.0 | grad norm: 0.138 | number of skipped iterations:   0 | number of nan iterations:   0 |
 [2026-09-09 08:11:11.291248] iteration       58/     120 | consumed samples:         3712 | elapsed time per iteration (ms): 6643.6 | throughput per GPU (TFLOP/s/GPU): 105.2 | learning rate: 1.073484E-04 | global batch size:    64 | lm loss: 1.999177E-02 | loss scale: 1.0 | grad norm: 0.132 | number of skipped iterations:   0 | number of nan iterations:   0 |
 [2026-09-09 08:11:17.919670] iteration       59/     120 | consumed samples:         3776 | elapsed time per iteration (ms): 6628.3 | throughput per GPU (TFLOP/s/GPU): 105.4 | learning rate: 1.053648E-04 | global batch size:    64 | lm loss: 2.066722E-02 | loss scale: 1.0 | grad norm: 0.136 | number of skipped iterations:   0 | number of nan iterations:   0 |
 [2026-09-09 08:11:24.587566] iteration       60/     120 | consumed samples:         3840 | elapsed time per iteration (ms): 6667.8 | throughput per GPU (TFLOP/s/GPU): 104.8 | learning rate: 1.033586E-04 | global batch size:    64 | lm loss: 1.886425E-02 | loss scale: 1.0 | grad norm: 0.131 | number of skipped iterations:   0 | number of nan iterations:   0 |
 [2026-09-09 08:11:31.296271] iteration       61/     120 | consumed samples:         3904 | elapsed time per iteration (ms): 6708.6 | throughput per GPU (TFLOP/s/GPU): 104.1 | learning rate: 1.013319E-04 | global batch size:    64 | lm loss: 1.739024E-02 | loss scale: 1.0 | grad norm: 0.124 | number of skipped iterations:   0 | number of nan iterations:   0 |
 [2026-09-09 08:11:37.938212] iteration       62/     120 | consumed samples:         3968 | elapsed time per iteration (ms): 6641.8 | throughput per GPU (TFLOP/s/GPU): 105.2 | learning rate: 9.928657E-05 | global batch size:    64 | lm loss: 1.581209E-02 | loss scale: 1.0 | grad norm: 0.114 | number of skipped iterations:   0 | number of nan iterations:   0 |
 [2026-09-09 08:11:44.575063] iteration       63/     120 | consumed samples:         4032 | elapsed time per iteration (ms): 6636.7 | throughput per GPU (TFLOP/s/GPU): 105.3 | learning rate: 9.722467E-05 | global batch size:    64 | lm loss: 1.466530E-02 | loss scale: 1.0 | grad norm: 0.113 | number of skipped iterations:   0 | number of nan iterations:   0 |
 [2026-09-09 08:11:51.174448] iteration       64/     120 | consumed samples:         4096 | elapsed time per iteration (ms): 6599.3 | throughput per GPU (TFLOP/s/GPU): 105.9 | learning rate: 9.514824E-05 | global batch size:    64 | lm loss: 1.381045E-02 | loss scale: 1.0 | grad norm: 0.108 | number of skipped iterations:   0 | number of nan iterations:   0 |
 [2026-09-09 08:11:57.829845] iteration       65/     120 | consumed samples:         4160 | elapsed time per iteration (ms): 6655.3 | throughput per GPU (TFLOP/s/GPU): 105.0 | learning rate: 9.305932E-05 | global batch size:    64 | lm loss: 1.579409E-02 | loss scale: 1.0 | grad norm: 0.114 | number of skipped iterations:   0 | number of nan iterations:   0 |
 [2026-09-09 08:12:04.445229] iteration       66/     120 | consumed samples:         4224 | elapsed time per iteration (ms): 6615.3 | throughput per GPU (TFLOP/s/GPU): 105.6 | learning rate: 9.095999E-05 | global batch size:    64 | lm loss: 1.333487E-02 | loss scale: 1.0 | grad norm: 0.100 | number of skipped iterations:   0 | number of nan iterations:   0 |
 [2026-09-09 08:12:11.059087] iteration       67/     120 | consumed samples:         4288 | elapsed time per iteration (ms): 6613.8 | throughput per GPU (TFLOP/s/GPU): 105.6 | learning rate: 8.885231E-05 | global batch size:    64 | lm loss: 1.338391E-02 | loss scale: 1.0 | grad norm: 0.099 | number of skipped iterations:   0 | number of nan iterations:   0 |
 [2026-09-09 08:12:17.635269] iteration       68/     120 | consumed samples:         4352 | elapsed time per iteration (ms): 6576.1 | throughput per GPU (TFLOP/s/GPU): 106.2 | learning rate: 8.673836E-05 | global batch size:    64 | lm loss: 1.330333E-02 | loss scale: 1.0 | grad norm: 0.103 | number of skipped iterations:   0 | number of nan iterations:   0 |
 [2026-09-09 08:12:24.183241] iteration       69/     120 | consumed samples:         4416 | elapsed time per iteration (ms): 6547.9 | throughput per GPU (TFLOP/s/GPU): 106.7 | learning rate: 8.462022E-05 | global batch size:    64 | lm loss: 1.287245E-02 | loss scale: 1.0 | grad norm: 0.100 | number of skipped iterations:   0 | number of nan iterations:   0 |
 [2026-09-09 08:12:30.942997] iteration       70/     120 | consumed samples:         4480 | elapsed time per iteration (ms): 6759.7 | throughput per GPU (TFLOP/s/GPU): 103.4 | learning rate: 8.250000E-05 | global batch size:    64 | lm loss: 1.123910E-02 | loss scale: 1.0 | grad norm: 0.092 | number of skipped iterations:   0 | number of nan iterations:   0 |
 [2026-09-09 08:12:37.507110] iteration       71/     120 | consumed samples:         4544 | elapsed time per iteration (ms): 6564.0 | throughput per GPU (TFLOP/s/GPU): 106.4 | learning rate: 8.037977E-05 | global batch size:    64 | lm loss: 1.007711E-02 | loss scale: 1.0 | grad norm: 0.085 | number of skipped iterations:   0 | number of nan iterations:   0 |
 [2026-09-09 08:12:44.034886] iteration       72/     120 | consumed samples:         4608 | elapsed time per iteration (ms): 6527.7 | throughput per GPU (TFLOP/s/GPU): 107.0 | learning rate: 7.826164E-05 | global batch size:    64 | lm loss: 1.124201E-02 | loss scale: 1.0 | grad norm: 0.087 | number of skipped iterations:   0 | number of nan iterations:   0 |
 [2026-09-09 08:12:50.826929] iteration       73/     120 | consumed samples:         4672 | elapsed time per iteration (ms): 6791.9 | throughput per GPU (TFLOP/s/GPU): 102.9 | learning rate: 7.614769E-05 | global batch size:    64 | lm loss: 9.646395E-03 | loss scale: 1.0 | grad norm: 0.084 | number of skipped iterations:   0 | number of nan iterations:   0 |
 [2026-09-09 08:12:57.353539] iteration       74/     120 | consumed samples:         4736 | elapsed time per iteration (ms): 6526.5 | throughput per GPU (TFLOP/s/GPU): 107.1 | learning rate: 7.404001E-05 | global batch size:    64 | lm loss: 9.644534E-03 | loss scale: 1.0 | grad norm: 0.080 | number of skipped iterations:   0 | number of nan iterations:   0 |
 [2026-09-09 08:13:03.817924] iteration       75/     120 | consumed samples:         4800 | elapsed time per iteration (ms): 6464.3 | throughput per GPU (TFLOP/s/GPU): 108.1 | learning rate: 7.194067E-05 | global batch size:    64 | lm loss: 1.053430E-02 | loss scale: 1.0 | grad norm: 0.085 | number of skipped iterations:   0 | number of nan iterations:   0 |
 [2026-09-09 08:13:10.300832] iteration       76/     120 | consumed samples:         4864 | elapsed time per iteration (ms): 6482.8 | throughput per GPU (TFLOP/s/GPU): 107.8 | learning rate: 6.985176E-05 | global batch size:    64 | lm loss: 8.479503E-03 | loss scale: 1.0 | grad norm: 0.076 | number of skipped iterations:   0 | number of nan iterations:   0 |
 [2026-09-09 08:13:16.860103] iteration       77/     120 | consumed samples:         4928 | elapsed time per iteration (ms): 6559.2 | throughput per GPU (TFLOP/s/GPU): 106.5 | learning rate: 6.777533E-05 | global batch size:    64 | lm loss: 8.788954E-03 | loss scale: 1.0 | grad norm: 0.079 | number of skipped iterations:   0 | number of nan iterations:   0 |
 [2026-09-09 08:13:23.432877] iteration       78/     120 | consumed samples:         4992 | elapsed time per iteration (ms): 6572.7 | throughput per GPU (TFLOP/s/GPU): 106.3 | learning rate: 6.571343E-05 | global batch size:    64 | lm loss: 8.308960E-03 | loss scale: 1.0 | grad norm: 0.075 | number of skipped iterations:   0 | number of nan iterations:   0 |
 [2026-09-09 08:13:30.049803] iteration       79/     120 | consumed samples:         5056 | elapsed time per iteration (ms): 6616.8 | throughput per GPU (TFLOP/s/GPU): 105.6 | learning rate: 6.366810E-05 | global batch size:    64 | lm loss: 9.305212E-03 | loss scale: 1.0 | grad norm: 0.079 | number of skipped iterations:   0 | number of nan iterations:   0 |
 [2026-09-09 08:13:36.569787] iteration       80/     120 | consumed samples:         5120 | elapsed time per iteration (ms): 6519.9 | throughput per GPU (TFLOP/s/GPU): 107.2 | learning rate: 6.164135E-05 | global batch size:    64 | lm loss: 7.969039E-03 | loss scale: 1.0 | grad norm: 0.073 | number of skipped iterations:   0 | number of nan iterations:   0 |
 [2026-09-09 08:13:43.192632] iteration       81/     120 | consumed samples:         5184 | elapsed time per iteration (ms): 6622.7 | throughput per GPU (TFLOP/s/GPU): 105.5 | learning rate: 5.963519E-05 | global batch size:    64 | lm loss: 7.828514E-03 | loss scale: 1.0 | grad norm: 0.072 | number of skipped iterations:   0 | number of nan iterations:   0 |
 [2026-09-09 08:13:49.807079] iteration       82/     120 | consumed samples:         5248 | elapsed time per iteration (ms): 6614.3 | throughput per GPU (TFLOP/s/GPU): 105.6 | learning rate: 5.765159E-05 | global batch size:    64 | lm loss: 7.696975E-03 | loss scale: 1.0 | grad norm: 0.067 | number of skipped iterations:   0 | number of nan iterations:   0 |
 [2026-09-09 08:13:56.463964] iteration       83/     120 | consumed samples:         5312 | elapsed time per iteration (ms): 6656.8 | throughput per GPU (TFLOP/s/GPU): 105.0 | learning rate: 5.569252E-05 | global batch size:    64 | lm loss: 7.896504E-03 | loss scale: 1.0 | grad norm: 0.073 | number of skipped iterations:   0 | number of nan iterations:   0 |
 [2026-09-09 08:14:02.937758] iteration       84/     120 | consumed samples:         5376 | elapsed time per iteration (ms): 6473.7 | throughput per GPU (TFLOP/s/GPU): 107.9 | learning rate: 5.375990E-05 | global batch size:    64 | lm loss: 7.988460E-03 | loss scale: 1.0 | grad norm: 0.068 | number of skipped iterations:   0 | number of nan iterations:   0 |
 [2026-09-09 08:14:09.824591] iteration       85/     120 | consumed samples:         5440 | elapsed time per iteration (ms): 6886.7 | throughput per GPU (TFLOP/s/GPU): 101.5 | learning rate: 5.185564E-05 | global batch size:    64 | lm loss: 7.890087E-03 | loss scale: 1.0 | grad norm: 0.068 | number of skipped iterations:   0 | number of nan iterations:   0 |
 [2026-09-09 08:14:16.365360] iteration       86/     120 | consumed samples:         5504 | elapsed time per iteration (ms): 6540.7 | throughput per GPU (TFLOP/s/GPU): 106.8 | learning rate: 4.998163E-05 | global batch size:    64 | lm loss: 7.952115E-03 | loss scale: 1.0 | grad norm: 0.067 | number of skipped iterations:   0 | number of nan iterations:   0 |
 [2026-09-09 08:14:22.979265] iteration       87/     120 | consumed samples:         5568 | elapsed time per iteration (ms): 6613.8 | throughput per GPU (TFLOP/s/GPU): 105.6 | learning rate: 4.813970E-05 | global batch size:    64 | lm loss: 7.456204E-03 | loss scale: 1.0 | grad norm: 0.068 | number of skipped iterations:   0 | number of nan iterations:   0 |
 [2026-09-09 08:14:29.590841] iteration       88/     120 | consumed samples:         5632 | elapsed time per iteration (ms): 6611.5 | throughput per GPU (TFLOP/s/GPU): 105.7 | learning rate: 4.633169E-05 | global batch size:    64 | lm loss: 7.212558E-03 | loss scale: 1.0 | grad norm: 0.067 | number of skipped iterations:   0 | number of nan iterations:   0 |
 [2026-09-09 08:14:36.181267] iteration       89/     120 | consumed samples:         5696 | elapsed time per iteration (ms): 6590.3 | throughput per GPU (TFLOP/s/GPU): 106.0 | learning rate: 4.455937E-05 | global batch size:    64 | lm loss: 6.623029E-03 | loss scale: 1.0 | grad norm: 0.059 | number of skipped iterations:   0 | number of nan iterations:   0 |
 [2026-09-09 08:14:42.774090] iteration       90/     120 | consumed samples:         5760 | elapsed time per iteration (ms): 6592.7 | throughput per GPU (TFLOP/s/GPU): 106.0 | learning rate: 4.282450E-05 | global batch size:    64 | lm loss: 6.633814E-03 | loss scale: 1.0 | grad norm: 0.061 | number of skipped iterations:   0 | number of nan iterations:   0 |
 [2026-09-09 08:14:49.323666] iteration       91/     120 | consumed samples:         5824 | elapsed time per iteration (ms): 6549.5 | throughput per GPU (TFLOP/s/GPU): 106.7 | learning rate: 4.112877E-05 | global batch size:    64 | lm loss: 6.176234E-03 | loss scale: 1.0 | grad norm: 0.057 | number of skipped iterations:   0 | number of nan iterations:   0 |
 [2026-09-09 08:14:55.859139] iteration       92/     120 | consumed samples:         5888 | elapsed time per iteration (ms): 6535.4 | throughput per GPU (TFLOP/s/GPU): 106.9 | learning rate: 3.947388E-05 | global batch size:    64 | lm loss: 6.898011E-03 | loss scale: 1.0 | grad norm: 0.061 | number of skipped iterations:   0 | number of nan iterations:   0 |
 [2026-09-09 08:15:02.470376] iteration       93/     120 | consumed samples:         5952 | elapsed time per iteration (ms): 6611.1 | throughput per GPU (TFLOP/s/GPU): 105.7 | learning rate: 3.786145E-05 | global batch size:    64 | lm loss: 6.791484E-03 | loss scale: 1.0 | grad norm: 0.058 | number of skipped iterations:   0 | number of nan iterations:   0 |
 [2026-09-09 08:15:09.111952] iteration       94/     120 | consumed samples:         6016 | elapsed time per iteration (ms): 6641.5 | throughput per GPU (TFLOP/s/GPU): 105.2 | learning rate: 3.629307E-05 | global batch size:    64 | lm loss: 6.908248E-03 | loss scale: 1.0 | grad norm: 0.057 | number of skipped iterations:   0 | number of nan iterations:   0 |
 [2026-09-09 08:15:15.728302] iteration       95/     120 | consumed samples:         6080 | elapsed time per iteration (ms): 6616.2 | throughput per GPU (TFLOP/s/GPU): 105.6 | learning rate: 3.477029E-05 | global batch size:    64 | lm loss: 6.566825E-03 | loss scale: 1.0 | grad norm: 0.061 | number of skipped iterations:   0 | number of nan iterations:   0 |
 [2026-09-09 08:15:22.358395] iteration       96/     120 | consumed samples:         6144 | elapsed time per iteration (ms): 6630.0 | throughput per GPU (TFLOP/s/GPU): 105.4 | learning rate: 3.329462E-05 | global batch size:    64 | lm loss: 7.299081E-03 | loss scale: 1.0 | grad norm: 0.066 | number of skipped iterations:   0 | number of nan iterations:   0 |
 [2026-09-09 08:15:29.025037] iteration       97/     120 | consumed samples:         6208 | elapsed time per iteration (ms): 6666.5 | throughput per GPU (TFLOP/s/GPU): 104.8 | learning rate: 3.186750E-05 | global batch size:    64 | lm loss: 6.518544E-03 | loss scale: 1.0 | grad norm: 0.054 | number of skipped iterations:   0 | number of nan iterations:   0 |
 [2026-09-09 08:15:35.612929] iteration       98/     120 | consumed samples:         6272 | elapsed time per iteration (ms): 6587.8 | throughput per GPU (TFLOP/s/GPU): 106.1 | learning rate: 3.049036E-05 | global batch size:    64 | lm loss: 5.987142E-03 | loss scale: 1.0 | grad norm: 0.054 | number of skipped iterations:   0 | number of nan iterations:   0 |
 [2026-09-09 08:15:42.576966] iteration       99/     120 | consumed samples:         6336 | elapsed time per iteration (ms): 6963.9 | throughput per GPU (TFLOP/s/GPU): 100.3 | learning rate: 2.916454E-05 | global batch size:    64 | lm loss: 6.911363E-03 | loss scale: 1.0 | grad norm: 0.060 | number of skipped iterations:   0 | number of nan iterations:   0 |
 [2026-09-09 08:15:49.255203] iteration      100/     120 | consumed samples:         6400 | elapsed time per iteration (ms): 6678.1 | throughput per GPU (TFLOP/s/GPU): 104.6 | learning rate: 2.789135E-05 | global batch size:    64 | lm loss: 6.968888E-03 | loss scale: 1.0 | grad norm: 0.066 | number of skipped iterations:   0 | number of nan iterations:   0 |
 [2026-09-09 08:15:56.272473] iteration      101/     120 | consumed samples:         6464 | elapsed time per iteration (ms): 7017.2 | throughput per GPU (TFLOP/s/GPU): 99.6 | learning rate: 2.667206E-05 | global batch size:    64 | lm loss: 6.418650E-03 | loss scale: 1.0 | grad norm: 0.058 | number of skipped iterations:   0 | number of nan iterations:   0 |
 [2026-09-09 08:16:02.879257] iteration      102/     120 | consumed samples:         6528 | elapsed time per iteration (ms): 6606.7 | throughput per GPU (TFLOP/s/GPU): 105.8 | learning rate: 2.550786E-05 | global batch size:    64 | lm loss: 5.580549E-03 | loss scale: 1.0 | grad norm: 0.053 | number of skipped iterations:   0 | number of nan iterations:   0 |
 [2026-09-09 08:16:09.452320] iteration      103/     120 | consumed samples:         6592 | elapsed time per iteration (ms): 6573.0 | throughput per GPU (TFLOP/s/GPU): 106.3 | learning rate: 2.439991E-05 | global batch size:    64 | lm loss: 6.051196E-03 | loss scale: 1.0 | grad norm: 0.054 | number of skipped iterations:   0 | number of nan iterations:   0 |
 [2026-09-09 08:16:16.064423] iteration      104/     120 | consumed samples:         6656 | elapsed time per iteration (ms): 6612.0 | throughput per GPU (TFLOP/s/GPU): 105.7 | learning rate: 2.334930E-05 | global batch size:    64 | lm loss: 5.777645E-03 | loss scale: 1.0 | grad norm: 0.053 | number of skipped iterations:   0 | number of nan iterations:   0 |
 [2026-09-09 08:16:22.574230] iteration      105/     120 | consumed samples:         6720 | elapsed time per iteration (ms): 6509.7 | throughput per GPU (TFLOP/s/GPU): 107.3 | learning rate: 2.235706E-05 | global batch size:    64 | lm loss: 6.604169E-03 | loss scale: 1.0 | grad norm: 0.053 | number of skipped iterations:   0 | number of nan iterations:   0 |
 [2026-09-09 08:16:29.196792] iteration      106/     120 | consumed samples:         6784 | elapsed time per iteration (ms): 6622.5 | throughput per GPU (TFLOP/s/GPU): 105.5 | learning rate: 2.142417E-05 | global batch size:    64 | lm loss: 5.726727E-03 | loss scale: 1.0 | grad norm: 0.056 | number of skipped iterations:   0 | number of nan iterations:   0 |
 [2026-09-09 08:16:35.800965] iteration      107/     120 | consumed samples:         6848 | elapsed time per iteration (ms): 6604.1 | throughput per GPU (TFLOP/s/GPU): 105.8 | learning rate: 2.055156E-05 | global batch size:    64 | lm loss: 6.992189E-03 | loss scale: 1.0 | grad norm: 0.062 | number of skipped iterations:   0 | number of nan iterations:   0 |
 [2026-09-09 08:16:42.386593] iteration      108/     120 | consumed samples:         6912 | elapsed time per iteration (ms): 6585.5 | throughput per GPU (TFLOP/s/GPU): 106.1 | learning rate: 1.974009E-05 | global batch size:    64 | lm loss: 6.415335E-03 | loss scale: 1.0 | grad norm: 0.051 | number of skipped iterations:   0 | number of nan iterations:   0 |
 [2026-09-09 08:16:48.992500] iteration      109/     120 | consumed samples:         6976 | elapsed time per iteration (ms): 6605.8 | throughput per GPU (TFLOP/s/GPU): 105.8 | learning rate: 1.899055E-05 | global batch size:    64 | lm loss: 5.572209E-03 | loss scale: 1.0 | grad norm: 0.050 | number of skipped iterations:   0 | number of nan iterations:   0 |
 [2026-09-09 08:16:55.589206] iteration      110/     120 | consumed samples:         7040 | elapsed time per iteration (ms): 6596.6 | throughput per GPU (TFLOP/s/GPU): 105.9 | learning rate: 1.830368E-05 | global batch size:    64 | lm loss: 6.325369E-03 | loss scale: 1.0 | grad norm: 0.056 | number of skipped iterations:   0 | number of nan iterations:   0 |
 [2026-09-09 08:17:02.159156] iteration      111/     120 | consumed samples:         7104 | elapsed time per iteration (ms): 6569.9 | throughput per GPU (TFLOP/s/GPU): 106.3 | learning rate: 1.768018E-05 | global batch size:    64 | lm loss: 5.820016E-03 | loss scale: 1.0 | grad norm: 0.050 | number of skipped iterations:   0 | number of nan iterations:   0 |
 [2026-09-09 08:17:08.793896] iteration      112/     120 | consumed samples:         7168 | elapsed time per iteration (ms): 6634.6 | throughput per GPU (TFLOP/s/GPU): 105.3 | learning rate: 1.712064E-05 | global batch size:    64 | lm loss: 5.845333E-03 | loss scale: 1.0 | grad norm: 0.050 | number of skipped iterations:   0 | number of nan iterations:   0 |
 [2026-09-09 08:17:15.387695] iteration      113/     120 | consumed samples:         7232 | elapsed time per iteration (ms): 6593.7 | throughput per GPU (TFLOP/s/GPU): 106.0 | learning rate: 1.662562E-05 | global batch size:    64 | lm loss: 6.196336E-03 | loss scale: 1.0 | grad norm: 0.054 | number of skipped iterations:   0 | number of nan iterations:   0 |
 [2026-09-09 08:17:22.284233] iteration      114/     120 | consumed samples:         7296 | elapsed time per iteration (ms): 6896.4 | throughput per GPU (TFLOP/s/GPU): 101.3 | learning rate: 1.619561E-05 | global batch size:    64 | lm loss: 6.172004E-03 | loss scale: 1.0 | grad norm: 0.054 | number of skipped iterations:   0 | number of nan iterations:   0 |
 [2026-09-09 08:17:28.705184] iteration      115/     120 | consumed samples:         7360 | elapsed time per iteration (ms): 6420.8 | throughput per GPU (TFLOP/s/GPU): 108.8 | learning rate: 1.583104E-05 | global batch size:    64 | lm loss: 5.455837E-03 | loss scale: 1.0 | grad norm: 0.046 | number of skipped iterations:   0 | number of nan iterations:   0 |
 [2026-09-09 08:17:35.279239] iteration      116/     120 | consumed samples:         7424 | elapsed time per iteration (ms): 6574.0 | throughput per GPU (TFLOP/s/GPU): 106.3 | learning rate: 1.553226E-05 | global batch size:    64 | lm loss: 5.798474E-03 | loss scale: 1.0 | grad norm: 0.050 | number of skipped iterations:   0 | number of nan iterations:   0 |
 [2026-09-09 08:17:42.159633] iteration      117/     120 | consumed samples:         7488 | elapsed time per iteration (ms): 6880.3 | throughput per GPU (TFLOP/s/GPU): 101.5 | learning rate: 1.529957E-05 | global batch size:    64 | lm loss: 6.073784E-03 | loss scale: 1.0 | grad norm: 0.050 | number of skipped iterations:   0 | number of nan iterations:   0 |
 [2026-09-09 08:17:48.724476] iteration      118/     120 | consumed samples:         7552 | elapsed time per iteration (ms): 6564.7 | throughput per GPU (TFLOP/s/GPU): 106.4 | learning rate: 1.513320E-05 | global batch size:    64 | lm loss: 5.734337E-03 | loss scale: 1.0 | grad norm: 0.050 | number of skipped iterations:   0 | number of nan iterations:   0 |
 [2026-09-09 08:17:55.289498] iteration      119/     120 | consumed samples:         7616 | elapsed time per iteration (ms): 6564.9 | throughput per GPU (TFLOP/s/GPU): 106.4 | learning rate: 1.503331E-05 | global batch size:    64 | lm loss: 5.493579E-03 | loss scale: 1.0 | grad norm: 0.048 | number of skipped iterations:   0 | number of nan iterations:   0 |
 [2026-09-09 08:18:01.990152] iteration      120/     120 | consumed samples:         7680 | elapsed time per iteration (ms): 6700.6 | throughput per GPU (TFLOP/s/GPU): 104.3 | learning rate: 1.500000E-05 | global batch size:    64 | lm loss: 5.930668E-03 | loss scale: 1.0 | grad norm: 0.048 | number of skipped iterations:   0 | number of nan iterations:   0 |
[after training is done] datetime: 2026-09-09 08:18:01.990519 
[rank1]:[W909 08:18:03.247743127 ProcessGroupNCCL.cpp:1565] Warning: WARNING: destroy_process_group() was not called before program exit, which can leak resources. For more info, please see https://pytorch.org/docs/stable/distributed.html#shutdown (function operator())
[rank0]:[W909 08:18:03.641032909 ProcessGroupNCCL.cpp:1565] Warning: WARNING: destroy_process_group() was not called before program exit, which can leak resources. For more info, please see https://pytorch.org/docs/stable/distributed.html#shutdown (function operator())
[2026-09-09T08:18:07Z] END tp2
